frame,time_s,x_red,y_red,x_green,y_green
0,0.0,470.0,425.0,744.0,540.0
1,0.03332806316590563,472.0,426.0,742.0,543.0
2,0.06665612633181126,474.0,426.0,738.0,548.0
3,0.09998418949771688,473.0,424.0,732.0,552.0
4,0.1333122526636225,474.0,426.0,724.0,557.0
5,0.16664031582952815,474.0,426.0,715.0,555.0
6,0.19996837899543377,475.0,426.0,705.0,555.0
7,0.2332964421613394,473.0,423.0,698.0,554.0
8,0.266624505327245,471.0,423.0,693.0,552.0
9,0.29995256849315066,471.0,425.0,691.0,552.0
10,0.3332806316590563,470.0,423.0,690.0,553.0
11,0.36660869482496194,471.0,423.0,693.0,554.0
12,0.39993675799086753,471.0,422.0,698.0,557.0
13,0.43326482115677317,473.0,421.0,704.0,558.0
14,0.4665928843226788,475.0,421.0,710.0,558.0
15,0.49992094748858446,475.0,421.0,718.0,559.0
16,0.53324901065449,476.0,421.0,724.0,559.0
17,0.5665770738203957,478.0,423.0,730.0,561.0
18,0.5999051369863013,479.0,423.0,734.0,562.0
19,0.633233200152207,481.0,426.0,735.0,563.0
20,0.6665612633181126,482.0,427.0,736.0,564.0
21,0.6998893264840182,484.0,436.0,735.0,565.0
22,0.7332173896499239,478.0,452.0,736.0,576.0
23,0.7665454528158295,487.0,494.0,,
24,0.7998735159817351,471.0,514.0,,
25,0.8332015791476407,446.0,532.0,,
26,0.8665296423135463,401.0,543.0,,
27,0.899857705479452,318.0,524.0,,
28,0.9331857686453576,237.0,520.0,,
29,0.9665138318112633,153.0,532.0,,
30,0.9998418949771689,93.0,587.0,,
31,1.0331699581430744,34.0,622.0,,
32,1.06649802130898,1125.0,405.0,,
33,1.0998260844748857,1123.0,407.0,,
34,1.1331541476407914,1119.0,409.0,,
35,1.166482210806697,1115.0,412.0,,
36,1.1998102739726026,1107.0,417.0,,
37,1.2331383371385083,1095.0,424.0,,
38,1.266466400304414,1076.0,431.0,,
39,1.2997944634703196,1051.0,439.0,,
40,1.3331225266362252,,,,
41,1.3664505898021309,,,,
42,1.3997786529680365,960.0,447.0,,
43,1.4331067161339421,943.0,442.0,,
44,1.4664347792998478,940.0,442.0,,
45,1.4997628424657534,951.0,444.0,,
46,1.533090905631659,959.0,446.0,,
47,1.5664189687975647,956.0,446.0,,
48,1.5997470319634701,947.0,444.0,,
49,1.6330750951293758,938.0,442.0,,
50,1.6664031582952814,930.0,440.0,839.0,444.0
51,1.699731221461187,927.0,439.0,860.0,435.0
52,1.7330592846270927,931.0,440.0,883.0,433.0
53,1.7663873477929983,939.0,442.0,,
54,1.799715410958904,953.0,444.0,,
55,1.8330434741248096,969.0,447.0,,
56,1.8663715372907153,987.0,448.0,,
57,1.899699600456621,1005.0,447.0,,
58,1.9330276636225265,1021.0,446.0,,
59,1.9663557267884322,1034.0,444.0,,
60,1.9996837899543378,1044.0,442.0,,
61,2.0330118531202435,1052.0,439.0,,
62,2.066339916286149,1062.0,436.0,,
63,2.0996679794520547,1075.0,432.0,,
64,2.13299604261796,1092.0,425.0,,
65,2.166324105783866,1103.0,419.0,,
66,2.1996521689497714,1100.0,420.0,,
67,2.2329802321156773,1083.0,428.0,,
68,2.2663082952815827,1057.0,438.0,,
69,2.2996363584474886,1026.0,446.0,,
70,2.332964421613394,,,,
71,2.3662924847793,,,,
72,2.3996205479452053,,,,
73,2.432948611111111,892.0,426.0,760.0,644.0
74,2.4662766742770166,865.0,411.0,765.0,645.0
75,2.4996047374429224,850.0,398.0,,
76,2.532932800608828,846.0,395.0,,
77,2.5662608637747333,852.0,401.0,,
78,2.599588926940639,866.0,411.0,,
79,2.6329169901065446,889.0,424.0,,
80,2.6662450532724504,,,,
81,2.699573116438356,,,,
82,2.7329011796042617,,,,
83,2.766229242770167,,,,
84,2.799557305936073,,,,
85,2.8328853691019784,1119.0,411.0,,
86,2.8662134322678843,1136.0,398.0,,
87,2.8995414954337897,1142.0,392.0,,
88,2.9328695585996956,1138.0,395.0,,
89,2.966197621765601,1126.0,405.0,1250.0,628.0
90,2.999525684931507,1105.0,418.0,1258.0,621.0
91,3.0328537480974123,1079.0,431.0,,
92,3.066181811263318,1051.0,441.0,,
93,3.0995098744292235,,,,
94,3.1328379375951294,,,,
95,3.166166000761035,967.0,445.0,,
96,3.1994940639269402,946.0,443.0,,
97,3.232822127092846,932.0,440.0,,
98,3.2661501902587515,930.0,440.0,,
99,3.2994782534246574,937.0,442.0,,
100,3.332806316590563,943.0,442.0,,
101,3.3661343797564687,944.0,443.0,,
102,3.399462442922374,944.0,443.0,,
103,3.43279050608828,945.0,443.0,791.0,534.0
104,3.4661185692541854,949.0,444.0,800.0,525.0
105,3.4994466324200912,956.0,445.0,810.0,527.0
106,3.5327746955859967,966.0,446.0,823.0,543.0
107,3.5661027587519025,978.0,448.0,,
108,3.599430821917808,989.0,448.0,,
109,3.632758885083714,995.0,448.0,,
110,3.6660869482496192,992.0,448.0,,
111,3.699415011415525,984.0,448.0,,
112,3.7327430745814305,983.0,448.0,,
113,3.7660711377473364,990.0,448.0,,
114,3.799399200913242,1003.0,448.0,,
115,3.832727264079147,1019.0,446.0,,
116,3.866055327245053,1035.0,444.0,1181.0,542.0
117,3.8993833904109585,1048.0,441.0,1202.0,539.0
118,3.9327114535768644,1059.0,438.0,1221.0,551.0
119,3.9660395167427698,1068.0,435.0,,
120,3.9993675799086756,1076.0,432.0,,
121,4.0326956430745815,1083.0,429.0,,
122,4.066023706240487,1088.0,427.0,,
123,4.099351769406392,1086.0,428.0,,
124,4.132679832572298,1074.0,432.0,,
125,4.166007895738204,1055.0,439.0,,
126,4.1993359589041095,1029.0,444.0,,
127,4.232664022070015,,,,
128,4.26599208523592,,,,
129,4.299320148401827,,,858.0,684.0
130,4.332648211567732,903.0,428.0,836.0,677.0
131,4.3659762747336375,882.0,419.0,823.0,665.0
132,4.399304337899543,872.0,414.0,814.0,654.0
133,4.432632401065449,871.0,414.0,809.0,651.0
134,4.465960464231355,878.0,417.0,810.0,657.0
135,4.49928852739726,893.0,425.0,817.0,668.0
136,4.5326165905631655,916.0,435.0,830.0,677.0
137,4.565944653729071,944.0,443.0,,
138,4.599272716894977,973.0,447.0,,
139,4.632600780060883,1003.0,447.0,,
140,4.665928843226788,1029.0,445.0,,
141,4.6992569063926934,1050.0,440.0,,
142,4.7325849695586,1064.0,436.0,,
143,4.765913032724505,1071.0,433.0,,
144,4.799241095890411,1073.0,433.0,,
145,4.832569159056316,1072.0,433.0,,
146,4.865897222222222,1071.0,434.0,1228.0,609.0
147,4.899225285388128,1067.0,435.0,1232.0,590.0
148,4.932553348554033,1063.0,436.0,1228.0,581.0
149,4.965881411719939,1057.0,438.0,1217.0,587.0
150,4.999209474885845,1048.0,441.0,1202.0,602.0
151,5.03253753805175,1039.0,443.0,,
152,5.065865601217656,1031.0,444.0,,
153,5.099193664383561,1025.0,445.0,,
154,5.132521727549467,1019.0,446.0,,
155,5.165849790715373,1012.0,447.0,,
156,5.199177853881278,1000.0,448.0,,
157,5.232505917047184,984.0,447.0,,
158,5.265833980213089,966.0,447.0,,
159,5.299162043378995,948.0,444.0,822.0,650.0
160,5.332490106544901,932.0,440.0,801.0,650.0
161,5.365818169710806,918.0,436.0,789.0,654.0
162,5.399146232876712,907.0,432.0,789.0,660.0
163,5.432474296042618,901.0,429.0,801.0,666.0
164,5.465802359208523,901.0,429.0,820.0,674.0
165,5.499130422374429,909.0,432.0,,
166,5.532458485540334,924.0,438.0,,
167,5.565786548706241,944.0,444.0,,
168,5.599114611872146,970.0,448.0,,
169,5.632442675038051,998.0,448.0,,
170,5.665770738203957,1026.0,446.0,,
171,5.699098801369863,1049.0,441.0,,
172,5.7324268645357686,1068.0,434.0,,
173,5.765754927701674,1081.0,430.0,,
174,5.799082990867579,1088.0,427.0,,
175,5.832411054033485,1090.0,425.0,1206.0,654.0
176,5.865739117199391,1087.0,427.0,1218.0,645.0
177,5.8990671803652965,1081.0,430.0,1221.0,639.0
178,5.932395243531202,1072.0,434.0,1213.0,638.0
179,5.965723306697107,1060.0,437.0,1195.0,643.0
180,5.999051369863014,1047.0,440.0,,
181,6.032379433028919,1032.0,444.0,,
182,6.0657074961948245,1017.0,446.0,,
183,6.09903555936073,1004.0,448.0,,
184,6.132363622526636,991.0,448.0,,
185,6.165691685692542,978.0,448.0,,
186,6.199019748858447,966.0,447.0,,
187,6.2323478120243525,954.0,444.0,,
188,6.265675875190259,942.0,442.0,832.0,670.0
189,6.299003938356164,932.0,440.0,813.0,661.0
190,6.33233200152207,923.0,437.0,801.0,659.0
191,6.365660064687975,919.0,436.0,799.0,661.0
192,6.3989881278538805,919.0,436.0,807.0,667.0
193,6.432316191019787,921.0,437.0,823.0,674.0
194,6.465644254185692,929.0,438.0,,
195,6.498972317351598,940.0,442.0,,
196,6.532300380517503,955.0,445.0,,
197,6.565628443683409,975.0,447.0,,
198,6.598956506849315,996.0,448.0,,
199,6.63228457001522,1018.0,446.0,,
200,6.665612633181126,1037.0,443.0,,
201,6.698940696347032,1054.0,439.0,,
202,6.732268759512937,1068.0,435.0,,
203,6.765596822678843,1078.0,431.0,1177.0,668.0
204,6.798924885844748,1083.0,429.0,1194.0,659.0
205,6.8322529490106545,1084.0,429.0,1201.0,654.0
206,6.86558101217656,1081.0,429.0,1202.0,655.0
207,6.898909075342465,1075.0,432.0,1192.0,660.0
208,6.932237138508371,1065.0,436.0,1174.0,667.0
209,6.965565201674277,1053.0,440.0,,
210,6.9988932648401825,1038.0,443.0,,
211,7.032221328006088,1022.0,447.0,,
212,7.065549391171993,1004.0,447.0,,
213,7.098877454337899,987.0,448.0,,
214,7.132205517503805,971.0,447.0,,
215,7.1655335806697105,955.0,445.0,,
216,7.198861643835616,943.0,442.0,,
217,7.232189707001521,932.0,440.0,846.0,682.0
218,7.265517770167428,926.0,438.0,827.0,674.0
219,7.298845833333333,923.0,437.0,816.0,671.0
220,7.3321738964992385,922.0,437.0,815.0,670.0
221,7.365501959665144,925.0,438.0,822.0,673.0
222,7.39883002283105,932.0,440.0,838.0,679.0
223,7.432158085996956,943.0,443.0,,
224,7.465486149162861,956.0,445.0,,
225,7.498814212328766,971.0,448.0,,
226,7.532142275494673,988.0,448.0,,
227,7.565470338660578,1005.0,447.0,,
228,7.598798401826484,1021.0,447.0,,
229,7.632126464992389,1037.0,443.0,,
230,7.665454528158294,1051.0,440.0,,
231,7.698782591324201,1062.0,437.0,,
232,7.732110654490106,1070.0,434.0,1172.0,669.0
233,7.765438717656012,1075.0,432.0,1184.0,663.0
234,7.798766780821917,1076.0,431.0,1189.0,662.0
235,7.832094843987823,1074.0,433.0,1184.0,663.0
236,7.865422907153729,1068.0,435.0,1173.0,668.0
237,7.898750970319634,1058.0,437.0,1153.0,676.0
238,7.9320790334855396,1046.0,441.0,,
239,7.965407096651446,1031.0,444.0,,
240,7.998735159817351,1015.0,446.0,,
241,8.032063222983258,998.0,448.0,,
242,8.065391286149163,982.0,448.0,,
243,8.098719349315068,967.0,447.0,,
244,8.132047412480974,954.0,445.0,,
245,8.16537547564688,944.0,443.0,,
246,8.198703538812785,936.0,441.0,854.0,685.0
247,8.23203160197869,931.0,440.0,838.0,679.0
248,8.265359665144596,929.0,439.0,831.0,676.0
249,8.298687728310501,931.0,440.0,831.0,675.0
250,8.332015791476408,935.0,441.0,841.0,679.0
251,8.365343854642314,942.0,442.0,857.0,685.0
252,8.398671917808219,952.0,444.0,880.0,692.0
253,8.431999980974124,964.0,446.0,,
254,8.46532804414003,978.0,448.0,,
255,8.498656107305935,993.0,448.0,,
256,8.53198417047184,1008.0,447.0,,
257,8.565312233637746,1023.0,446.0,,
258,8.598640296803653,1037.0,444.0,,
259,8.631968359969559,1049.0,440.0,,
260,8.665296423135464,1060.0,437.0,1146.0,679.0
261,8.69862448630137,1067.0,435.0,1161.0,673.0
262,8.731952549467275,1071.0,434.0,1170.0,671.0
263,8.76528061263318,1071.0,434.0,1172.0,670.0
264,8.798608675799086,1067.0,435.0,1165.0,673.0
265,8.831936738964991,1060.0,437.0,1152.0,676.0
266,8.865264802130898,1050.0,440.0,1133.0,684.0
267,8.898592865296804,1039.0,442.0,,
268,8.93192092846271,1024.0,446.0,,
269,8.965248991628615,1009.0,447.0,,
270,8.99857705479452,993.0,448.0,,
271,9.031905117960425,977.0,448.0,,
272,9.065233181126331,965.0,446.0,,
273,9.098561244292236,954.0,445.0,,
274,9.131889307458142,945.0,443.0,882.0,692.0
275,9.165217370624049,939.0,442.0,862.0,687.0
276,9.198545433789954,936.0,441.0,850.0,683.0
277,9.23187349695586,936.0,441.0,845.0,681.0
278,9.265201560121765,938.0,442.0,849.0,682.0
279,9.29852962328767,944.0,442.0,861.0,686.0
280,9.331857686453576,952.0,444.0,878.0,691.0
281,9.365185749619481,961.0,446.0,902.0,694.0
282,9.398513812785387,972.0,448.0,,
283,9.431841875951294,985.0,448.0,,
284,9.4651699391172,999.0,448.0,,
285,9.498498002283105,1013.0,447.0,,
286,9.53182606544901,1026.0,446.0,,
287,9.565154128614916,1038.0,443.0,,
288,9.598482191780821,1048.0,440.0,1121.0,687.0
289,9.631810254946727,1056.0,438.0,1140.0,682.0
290,9.665138318112632,1062.0,437.0,1152.0,678.0
291,9.698466381278537,1064.0,436.0,1157.0,675.0
292,9.731794444444445,1063.0,436.0,1156.0,676.0
293,9.76512250761035,1059.0,438.0,1147.0,679.0
294,9.798450570776255,1051.0,440.0,1133.0,683.0
295,9.831778633942161,1042.0,442.0,1113.0,688.0
296,9.865106697108066,1030.0,444.0,,
297,9.898434760273972,1017.0,446.0,,
298,9.931762823439877,1002.0,448.0,,
299,9.965090886605783,987.0,448.0,,
300,9.99841894977169,975.0,447.0,,
301,10.031747012937595,964.0,446.0,,
302,10.0650750761035,954.0,445.0,907.0,697.0
303,10.098403139269406,947.0,444.0,886.0,693.0
304,10.131731202435311,943.0,443.0,871.0,690.0
305,10.165059265601217,942.0,442.0,863.0,687.0
306,10.198387328767122,943.0,443.0,862.0,686.0
307,10.231715391933028,946.0,443.0,868.0,688.0
308,10.265043455098933,952.0,444.0,881.0,690.0
309,10.29837151826484,960.0,446.0,900.0,695.0
310,10.331699581430746,969.0,447.0,922.0,700.0
311,10.365027644596651,980.0,448.0,,
312,10.398355707762557,992.0,448.0,,
313,10.431683770928462,1005.0,448.0,,
314,10.465011834094367,1017.0,446.0,,
315,10.498339897260273,1028.0,445.0,,
316,10.531667960426178,1038.0,443.0,1097.0,693.0
317,10.564996023592085,1047.0,441.0,1117.0,688.0
318,10.59832408675799,1053.0,439.0,1131.0,684.0
319,10.631652149923896,1057.0,438.0,1139.0,681.0
320,10.664980213089802,1057.0,438.0,1142.0,679.0
321,10.698308276255707,1055.0,439.0,1137.0,682.0
322,10.731636339421613,1050.0,440.0,1127.0,685.0
323,10.764964402587518,1042.0,442.0,1112.0,690.0
324,10.798292465753423,1032.0,444.0,1091.0,693.0
325,10.831620528919329,1021.0,446.0,1068.0,699.0
326,10.864948592085236,1009.0,448.0,1040.0,702.0
327,10.898276655251141,996.0,448.0,,
328,10.931604718417047,984.0,448.0,,
329,10.964932781582952,973.0,448.0,,
330,10.998260844748858,963.0,446.0,930.0,702.0
331,11.031588907914763,956.0,445.0,909.0,699.0
332,11.064916971080669,951.0,444.0,893.0,694.0
333,11.098245034246574,948.0,444.0,882.0,692.0
334,11.131573097412481,948.0,444.0,877.0,691.0
335,11.164901160578387,950.0,444.0,879.0,691.0
336,11.198229223744292,954.0,445.0,888.0,693.0
337,11.231557286910197,960.0,446.0,902.0,696.0
338,11.264885350076103,968.0,446.0,921.0,699.0
339,11.298213413242008,978.0,448.0,944.0,702.0
340,11.331541476407914,988.0,448.0,,
341,11.364869539573819,999.0,448.0,,
342,11.398197602739726,1010.0,447.0,,
343,11.431525665905632,1021.0,446.0,,
344,11.464853729071537,1030.0,445.0,1076.0,698.0
345,11.498181792237443,1039.0,443.0,1096.0,693.0
346,11.531509855403348,1046.0,441.0,1111.0,690.0
347,11.564837918569253,1049.0,441.0,1122.0,687.0
348,11.598165981735159,1051.0,440.0,1126.0,685.0
349,11.631494044901064,1050.0,440.0,1126.0,686.0
350,11.66482210806697,1047.0,442.0,1118.0,687.0
351,11.698150171232877,1041.0,442.0,1107.0,691.0
352,11.731478234398782,1033.0,444.0,1092.0,694.0
353,11.764806297564688,1024.0,446.0,1071.0,699.0
354,11.798134360730593,1013.0,446.0,1048.0,701.0
355,11.831462423896498,1002.0,448.0,1024.0,704.0
356,11.864790487062404,990.0,448.0,998.0,705.0
357,11.89811855022831,980.0,448.0,974.0,705.0
358,11.931446613394215,971.0,447.0,951.0,704.0
359,11.964774676560122,964.0,446.0,930.0,701.0
360,11.998102739726027,958.0,445.0,913.0,699.0
361,12.031430802891933,955.0,445.0,901.0,697.0
362,12.064758866057838,953.0,445.0,895.0,695.0
363,12.098086929223744,955.0,445.0,893.0,694.0
364,12.131414992389649,957.0,445.0,898.0,695.0
365,12.164743055555554,962.0,446.0,909.0,696.0
366,12.19807111872146,968.0,446.0,923.0,700.0
367,12.231399181887365,976.0,448.0,942.0,703.0
368,12.264727245053272,986.0,448.0,963.0,704.0
369,12.298055308219178,995.0,448.0,987.0,705.0
370,12.331383371385083,1005.0,448.0,1012.0,705.0
371,12.364711434550989,1014.0,446.0,1036.0,703.0
372,12.398039497716894,1024.0,446.0,1058.0,701.0
373,12.4313675608828,1032.0,444.0,1077.0,697.0
374,12.464695624048705,1037.0,443.0,1093.0,694.0
375,12.49802368721461,1042.0,442.0,1104.0,692.0
376,12.531351750380518,1045.0,441.0,1110.0,690.0
377,12.564679813546423,1045.0,441.0,1111.0,689.0
378,12.598007876712328,1043.0,442.0,1108.0,690.0
379,12.631335939878234,1039.0,443.0,1100.0,693.0
380,12.66466400304414,1032.0,444.0,1087.0,694.0
381,12.697992066210045,1024.0,445.0,1071.0,698.0
382,12.73132012937595,1016.0,447.0,1052.0,700.0
383,12.764648192541856,1006.0,448.0,1031.0,703.0
384,12.797976255707761,996.0,448.0,1009.0,704.0
385,12.831304318873668,986.0,448.0,987.0,704.0
386,12.864632382039574,978.0,447.0,967.0,703.0
387,12.897960445205479,971.0,447.0,948.0,703.0
388,12.931288508371384,965.0,446.0,932.0,701.0
389,12.96461657153729,961.0,446.0,920.0,700.0
390,12.997944634703195,959.0,446.0,912.0,699.0
391,13.0312726978691,960.0,446.0,909.0,698.0
392,13.064600761035006,962.0,446.0,911.0,698.0
393,13.097928824200913,965.0,446.0,918.0,699.0
394,13.131256887366819,970.0,447.0,929.0,701.0
395,13.164584950532724,976.0,448.0,944.0,702.0
396,13.19791301369863,984.0,448.0,962.0,704.0
397,13.231241076864535,992.0,448.0,981.0,705.0
398,13.26456914003044,1001.0,448.0,1001.0,705.0
399,13.297897203196346,1010.0,447.0,1023.0,704.0
400,13.331225266362251,1018.0,446.0,1042.0,703.0
401,13.364553329528157,1025.0,445.0,1060.0,700.0
402,13.397881392694064,1031.0,444.0,1075.0,698.0
403,13.43120945585997,1035.0,443.0,1086.0,695.0
404,13.464537519025875,1037.0,443.0,1094.0,694.0
405,13.49786558219178,1039.0,443.0,1096.0,693.0
406,13.531193645357686,1037.0,443.0,1095.0,693.0
407,13.564521708523591,1034.0,444.0,1089.0,695.0
408,13.597849771689496,1030.0,445.0,1080.0,697.0
409,13.631177834855402,1024.0,446.0,1067.0,699.0
410,13.664505898021309,1016.0,446.0,1052.0,701.0
411,13.697833961187214,1008.0,447.0,1034.0,702.0
412,13.73116202435312,1000.0,448.0,1016.0,703.0
413,13.764490087519025,992.0,448.0,998.0,705.0
414,13.79781815068493,984.0,448.0,980.0,705.0
415,13.831146213850836,977.0,447.0,964.0,704.0
416,13.864474277016742,971.0,447.0,949.0,703.0
417,13.897802340182647,968.0,447.0,937.0,702.0
418,13.931130403348554,966.0,447.0,930.0,702.0
419,13.96445846651446,965.0,447.0,925.0,701.0
420,13.997786529680365,967.0,446.0,925.0,700.0
421,14.03111459284627,969.0,447.0,930.0,701.0
422,14.064442656012176,973.0,447.0,938.0,702.0
423,14.097770719178081,977.0,448.0,949.0,703.0
424,14.131098782343987,984.0,448.0,963.0,704.0
425,14.164426845509892,991.0,448.0,979.0,704.0
426,14.197754908675797,998.0,448.0,996.0,705.0
427,14.231082971841705,1006.0,448.0,1012.0,704.0
428,14.26441103500761,1014.0,447.0,1029.0,703.0
429,14.297739098173516,1020.0,446.0,1045.0,702.0
430,14.331067161339421,1025.0,445.0,1058.0,700.0
431,14.364395224505326,1029.0,445.0,1069.0,699.0
432,14.397723287671232,1031.0,445.0,1077.0,697.0
433,14.431051350837137,1031.0,445.0,1081.0,697.0
434,14.464379414003043,1031.0,445.0,1081.0,696.0
435,14.49770747716895,1029.0,445.0,1078.0,697.0
436,14.531035540334855,1025.0,445.0,1071.0,698.0
437,14.56436360350076,1021.0,446.0,1061.0,699.0
438,14.597691666666666,1016.0,446.0,1049.0,701.0
439,14.631019729832571,1009.0,447.0,1035.0,703.0
440,14.664347792998477,1002.0,448.0,1021.0,703.0
441,14.697675856164382,996.0,448.0,1006.0,704.0
442,14.731003919330288,989.0,448.0,990.0,706.0
443,14.764331982496193,983.0,448.0,976.0,705.0
444,14.7976600456621,978.0,448.0,964.0,705.0
445,14.830988108828006,974.0,447.0,954.0,703.0
446,14.864316171993911,972.0,447.0,946.0,703.0
447,14.897644235159817,971.0,447.0,942.0,702.0
448,14.930972298325722,971.0,447.0,941.0,702.0
449,14.964300361491627,973.0,447.0,943.0,703.0
450,14.997628424657533,977.0,447.0,949.0,703.0
451,15.030956487823438,981.0,447.0,958.0,703.0
452,15.064284550989345,985.0,448.0,968.0,705.0
453,15.097612614155251,991.0,448.0,981.0,705.0
454,15.130940677321156,997.0,448.0,993.0,705.0
455,15.164268740487062,1003.0,448.0,1007.0,705.0
456,15.197596803652967,1010.0,447.0,1021.0,704.0
457,15.230924866818873,1015.0,447.0,1033.0,703.0
458,15.264252929984778,1019.0,446.0,1045.0,701.0
459,15.297580993150683,1023.0,445.0,1053.0,701.0
460,15.330909056316589,1026.0,445.0,1060.0,700.0
461,15.364237119482496,1027.0,445.0,1065.0,699.0
462,15.397565182648401,1026.0,445.0,1066.0,699.0
463,15.430893245814307,1024.0,445.0,1065.0,699.0
464,15.464221308980212,1021.0,446.0,1060.0,700.0
465,15.497549372146118,1018.0,446.0,1053.0,701.0
466,15.530877435312023,1014.0,446.0,1044.0,703.0
467,15.564205498477929,1009.0,447.0,1033.0,702.0
468,15.597533561643834,1003.0,447.0,1021.0,704.0
469,15.630861624809741,998.0,448.0,1009.0,705.0
470,15.664189687975647,992.0,448.0,997.0,705.0
471,15.697517751141552,987.0,448.0,986.0,705.0
472,15.730845814307457,983.0,448.0,976.0,704.0
473,15.764173877473363,980.0,447.0,968.0,705.0
474,15.797501940639268,977.0,447.0,961.0,705.0
475,15.830830003805174,977.0,447.0,957.0,704.0
476,15.864158066971079,977.0,447.0,956.0,704.0
477,15.897486130136986,978.0,447.0,957.0,703.0
478,15.930814193302892,980.0,448.0,961.0,704.0
479,15.964142256468797,983.0,448.0,968.0,705.0
480,15.997470319634703,987.0,448.0,976.0,705.0
481,16.030798382800608,991.0,448.0,985.0,704.0
482,16.064126445966515,996.0,448.0,995.0,705.0
483,16.09745450913242,1001.0,448.0,1005.0,705.0
484,16.130782572298326,1006.0,447.0,1016.0,704.0
485,16.16411063546423,1011.0,447.0,1026.0,705.0
486,16.197438698630137,1015.0,447.0,1035.0,703.0
487,16.23076676179604,1017.0,447.0,1042.0,703.0
488,16.264094824961948,1020.0,446.0,1048.0,702.0
489,16.29742288812785,1021.0,446.0,1051.0,700.0
490,16.33075095129376,1021.0,446.0,1053.0,700.0
491,16.364079014459666,1019.0,446.0,1052.0,701.0
492,16.39740707762557,1017.0,447.0,1049.0,702.0
493,16.430735140791477,1015.0,447.0,1044.0,702.0
494,16.46406320395738,1011.0,447.0,1036.0,703.0
495,16.497391267123287,1008.0,447.0,1028.0,703.0
496,16.53071933028919,1004.0,448.0,1020.0,705.0
497,16.5640473934551,999.0,448.0,1011.0,705.0
498,16.597375456621002,995.0,448.0,1001.0,705.0
499,16.63070351978691,991.0,448.0,993.0,705.0
500,16.664031582952816,987.0,448.0,984.0,705.0
501,16.69735964611872,985.0,448.0,978.0,705.0
502,16.730687709284627,983.0,448.0,973.0,704.0
503,16.76401577245053,982.0,448.0,970.0,705.0
504,16.797343835616438,982.0,448.0,969.0,705.0
505,16.83067189878234,983.0,448.0,969.0,704.0
506,16.86399996194825,985.0,447.0,972.0,705.0
507,16.897328025114156,987.0,448.0,976.0,705.0
508,16.93065608828006,989.0,448.0,982.0,705.0
509,16.963984151445967,993.0,448.0,990.0,705.0
510,16.99731221461187,997.0,448.0,998.0,705.0
511,17.030640277777778,1000.0,448.0,1005.0,705.0
512,17.06396834094368,1004.0,448.0,1014.0,705.0
513,17.09729640410959,1007.0,447.0,1021.0,704.0
514,17.130624467275492,1011.0,448.0,1028.0,703.0
515,17.1639525304414,1013.0,448.0,1034.0,703.0
516,17.197280593607307,1015.0,447.0,1038.0,703.0
517,17.23060865677321,1015.0,447.0,1041.0,703.0
518,17.263936719939117,1015.0,447.0,1042.0,703.0
519,17.29726478310502,1015.0,446.0,1041.0,702.0
520,17.330592846270928,1013.0,447.0,1039.0,702.0
521,17.363920909436832,1012.0,447.0,1034.0,703.0
522,17.39724897260274,1009.0,447.0,1030.0,703.0
523,17.430577035768643,1007.0,448.0,1024.0,704.0
524,17.46390509893455,1003.0,448.0,1017.0,705.0
525,17.497233162100457,1000.0,448.0,1011.0,705.0
526,17.53056122526636,997.0,448.0,1003.0,705.0
527,17.563889288432268,994.0,448.0,997.0,705.0
528,17.59721735159817,991.0,448.0,991.0,705.0
529,17.63054541476408,989.0,448.0,986.0,705.0
530,17.663873477929982,987.0,448.0,982.0,705.0
531,17.69720154109589,987.0,448.0,980.0,705.0
532,17.730529604261797,987.0,448.0,978.0,704.0
533,17.7638576674277,987.0,448.0,980.0,705.0
534,17.797185730593608,988.0,448.0,982.0,705.0
535,17.83051379375951,990.0,448.0,986.0,704.0
536,17.86384185692542,992.0,448.0,990.0,704.0
537,17.897169920091322,994.0,448.0,994.0,705.0
538,17.93049798325723,997.0,448.0,1000.0,705.0
539,17.963826046423133,1000.0,448.0,1006.0,705.0
540,17.99715410958904,1003.0,448.0,1012.0,705.0
541,18.030482172754947,1005.0,448.0,1017.0,704.0
542,18.06381023592085,1007.0,447.0,1022.0,704.0
543,18.097138299086758,1009.0,447.0,1026.0,704.0
544,18.130466362252662,1010.0,447.0,1029.0,704.0
545,18.16379442541857,1011.0,447.0,1031.0,704.0
546,18.197122488584473,1011.0,447.0,1032.0,703.0
547,18.23045055175038,1011.0,447.0,1031.0,703.0
548,18.263778614916284,1009.0,447.0,1029.0,703.0
549,18.29710667808219,1008.0,447.0,1026.0,704.0
550,18.330434741248098,1006.0,447.0,1024.0,704.0
551,18.363762804414,1005.0,448.0,1019.0,705.0
552,18.39709086757991,1003.0,448.0,1014.0,705.0
553,18.430418930745812,1000.0,448.0,1010.0,705.0
554,18.46374699391172,998.0,448.0,1005.0,705.0
555,18.497075057077623,996.0,448.0,1000.0,705.0
556,18.53040312024353,994.0,448.0,996.0,705.0
557,18.563731183409434,993.0,448.0,994.0,705.0
558,18.59705924657534,991.0,448.0,990.0,705.0
559,18.63038730974125,991.0,448.0,989.0,703.0
560,18.663715372907152,991.0,448.0,989.0,703.0
561,18.69704343607306,991.0,448.0,989.0,703.0
562,18.730371499238963,992.0,448.0,990.0,704.0
563,18.76369956240487,993.0,448.0,992.0,704.0
564,18.797027625570774,994.0,448.0,996.0,703.0
565,18.83035568873668,996.0,448.0,999.0,705.0
566,18.863683751902588,997.0,448.0,1003.0,705.0
567,18.897011815068492,999.0,448.0,1006.0,705.0
568,18.9303398782344,1001.0,448.0,1010.0,705.0
569,18.963667941400303,1003.0,447.0,1014.0,705.0
570,18.99699600456621,1004.0,448.0,1016.0,704.0
571,19.030324067732113,1005.0,447.0,1019.0,704.0
572,19.06365213089802,1006.0,447.0,1021.0,704.0
573,19.096980194063924,1007.0,447.0,1023.0,704.0
574,19.13030825722983,1007.0,447.0,1022.0,703.0
575,19.16363632039574,1006.0,447.0,1022.0,703.0
576,19.196964383561642,1006.0,447.0,1021.0,704.0
577,19.23029244672755,1005.0,447.0,1019.0,704.0
578,19.263620509893453,1005.0,447.0,1017.0,704.0
579,19.29694857305936,1003.0,447.0,1015.0,704.0
580,19.330276636225264,1002.0,448.0,1012.0,705.0
581,19.36360469939117,1001.0,448.0,1010.0,705.0
582,19.396932762557075,997.0,448.0,1006.0,705.0
583,19.430260825722982,999.0,448.0,1006.0,705.0
