frame,time_s,red_x,red_y,green_x,green_y
0,0.0,1293.0,333.0,1408.0,584.0
1,0.03332837037037037,1291.0,334.0,1405.0,583.0
2,0.06665674074074074,1291.0,333.0,1407.0,582.0
3,0.09998511111111111,1292.0,333.0,1407.0,582.0
4,0.13331348148148148,1292.0,334.0,1407.0,582.0
5,0.16664185185185185,1291.0,333.0,1408.0,582.0
6,0.19997022222222222,1292.0,333.0,1409.0,582.0
7,0.23329859259259259,1292.0,333.0,1410.0,582.0
8,0.26662696296296295,1292.0,333.0,1410.0,582.0
9,0.2999553333333333,1291.0,333.0,1409.0,582.0
10,0.3332837037037037,1291.0,333.0,1409.0,582.0
11,0.36661207407407403,1291.0,333.0,1409.0,582.0
12,0.39994044444444443,1291.0,333.0,1409.0,582.0
13,0.4332688148148148,1291.0,333.0,1409.0,582.0
14,0.46659718518518517,1291.0,333.0,1409.0,582.0
15,0.4999255555555555,1291.0,333.0,1409.0,582.0
16,0.5332539259259259,1291.0,333.0,1408.0,582.0
17,0.5665822962962963,1291.0,333.0,1408.0,582.0
18,0.5999106666666666,1291.0,333.0,1407.0,583.0
19,0.633239037037037,1291.0,333.0,1407.0,583.0
20,0.6665674074074074,1292.0,333.0,1407.0,583.0
21,0.6998957777777778,1292.0,333.0,1407.0,583.0
22,0.7332241481481481,1292.0,333.0,1407.0,583.0
23,0.7665525185185185,1292.0,333.0,1408.0,583.0
24,0.7998808888888889,1292.0,333.0,1408.0,582.0
25,0.8332092592592593,1292.0,333.0,1408.0,582.0
26,0.8665376296296295,1292.0,333.0,1408.0,582.0
27,0.8998659999999999,1292.0,333.0,1409.0,582.0
28,0.9331943703703703,1292.0,332.0,1409.0,582.0
29,0.9665227407407407,1292.0,333.0,1410.0,582.0
30,0.999851111111111,1292.0,332.0,1410.0,581.0
31,1.0331794814814814,1292.0,332.0,1410.0,581.0
32,1.0665078518518518,1292.0,332.0,1410.0,582.0
33,1.0998362222222222,1292.0,332.0,1409.0,582.0
34,1.1331645925925926,1292.0,333.0,1408.0,583.0
35,1.166492962962963,1292.0,333.0,1408.0,583.0
36,1.1998213333333332,1288.0,338.0,1405.0,593.0
37,1.2331497037037036,1276.0,353.0,1396.0,617.0
38,1.266478074074074,1252.0,377.0,1378.0,653.0
39,1.2998064444444444,1212.0,405.0,1344.0,687.0
40,1.3331348148148148,1162.0,436.0,,
41,1.3664631851851852,1102.0,452.0,,
42,1.3997915555555556,,,,
43,1.433119925925926,,,,
44,1.4664482962962961,,,,
45,1.4997766666666665,926.0,426.0,,
46,1.533105037037037,916.0,421.0,,
47,1.5664334074074073,915.0,420.0,,
48,1.5997617777777777,914.0,415.0,695.0,575.0
49,1.6330901481481481,916.0,416.0,698.0,531.0
50,1.6664185185185185,920.0,419.0,714.0,502.0
51,1.699746888888889,929.0,428.0,741.0,492.0
52,1.733075259259259,948.0,436.0,773.0,498.0
53,1.7664036296296295,970.0,442.0,808.0,518.0
54,1.7997319999999999,1002.0,450.0,845.0,553.0
55,1.8330603703703703,1036.0,455.0,,
56,1.8663887407407407,1062.0,457.0,,
57,1.899717111111111,1081.0,456.0,,
58,1.9330454814814815,1078.0,456.0,,
59,1.9663738518518519,1087.0,455.0,,
60,1.999702222222222,,,,
61,2.0330305925925924,1108.0,451.0,,
62,2.066358962962963,1127.0,447.0,1314.0,546.0
63,2.0996873333333332,1146.0,441.0,1329.0,510.0
64,2.1330157037037036,1163.0,436.0,1339.0,487.0
65,2.166344074074074,1169.0,432.0,1345.0,481.0
66,2.1996724444444444,1169.0,432.0,1349.0,490.0
67,2.233000814814815,1162.0,436.0,1347.0,515.0
68,2.2663291851851852,1149.0,441.0,1339.0,556.0
69,2.2996575555555556,1135.0,445.0,,
70,2.332985925925926,1127.0,443.0,,
71,2.366314296296296,1122.0,447.0,,
72,2.3996426666666664,1122.0,445.0,,
73,2.4329710370370368,1107.0,451.0,,
74,2.466299407407407,1081.0,454.0,,
75,2.4996277777777776,,,,
76,2.532956148148148,,,838.0,621.0
77,2.5662845185185184,,,787.0,607.0
78,2.5996128888888888,,,745.0,604.0
79,2.632941259259259,,,715.0,612.0
80,2.6662696296296295,,,705.0,630.0
81,2.699598,,,716.0,649.0
82,2.7329263703703703,,,747.0,668.0
83,2.7662547407407407,,,792.0,686.0
84,2.799583111111111,,,846.0,707.0
85,2.8329114814814815,,,,
86,2.866239851851852,,,,
87,2.899568222222222,,,,
88,2.9328965925925923,,,,
89,2.9662249629629627,1140.0,443.0,,
90,2.999553333333333,1171.0,433.0,,
91,3.0328817037037035,1198.0,420.0,,
92,3.066210074074074,1215.0,408.0,1349.0,680.0
93,3.0995384444444443,1219.0,403.0,1386.0,663.0
94,3.1328668148148147,1218.0,404.0,1407.0,648.0
95,3.166195185185185,1210.0,411.0,1410.0,635.0
96,3.1995235555555555,1194.0,421.0,1396.0,632.0
97,3.232851925925926,1173.0,432.0,1368.0,638.0
98,3.2661802962962962,1148.0,442.0,1326.0,655.0
99,3.2995086666666666,1119.0,451.0,,
100,3.332837037037037,1090.0,454.0,,
101,3.3661654074074074,1066.0,456.0,,
102,3.399493777777778,1049.0,456.0,,
103,3.432822148148148,1033.0,456.0,,
104,3.466150518518518,1016.0,454.0,,
105,3.4994788888888886,998.0,450.0,,
106,3.532807259259259,979.0,444.0,798.0,650.0
107,3.5661356296296294,961.0,439.0,766.0,628.0
108,3.5994639999999998,950.0,434.0,744.0,617.0
109,3.63279237037037,942.0,430.0,734.0,618.0
110,3.6661207407407406,,,736.0,632.0
111,3.699449111111111,,,752.0,655.0
112,3.7327774814814814,943.0,430.0,784.0,684.0
113,3.7661058518518518,953.0,434.0,,
114,3.799434222222222,971.0,443.0,,
115,3.8327625925925926,1000.0,449.0,,
116,3.866090962962963,1027.0,453.0,,
117,3.8994193333333333,1061.0,454.0,,
118,3.9327477037037037,1100.0,453.0,,
119,3.9660760740740737,1134.0,446.0,1236.0,730.0
120,3.999404444444444,1163.0,435.0,1286.0,715.0
121,4.032732814814815,1186.0,423.0,1326.0,697.0
122,4.066061185185185,1201.0,416.0,1356.0,682.0
123,4.099389555555556,1205.0,410.0,1373.0,672.0
124,4.132717925925926,1205.0,411.0,1377.0,669.0
125,4.1660462962962965,1200.0,417.0,1368.0,673.0
126,4.1993746666666665,1186.0,423.0,1346.0,683.0
127,4.232703037037036,1165.0,433.0,1311.0,699.0
128,4.266031407407407,1141.0,443.0,1261.0,717.0
129,4.299359777777777,1112.0,447.0,,
130,4.332688148148148,1080.0,452.0,,
131,4.366016518518518,1052.0,453.0,,
132,4.399344888888889,1027.0,452.0,,
133,4.432673259259259,1008.0,446.0,,
134,4.46600162962963,,,,
135,4.49933,,,816.0,698.0
136,4.5326583703703704,960.0,434.0,783.0,678.0
137,4.56598674074074,,,762.0,665.0
138,4.599315111111111,,,753.0,660.0
139,4.632643481481481,,,757.0,663.0
140,4.665971851851852,,,774.0,674.0
141,4.699300222222222,,,803.0,692.0
142,4.732628592592592,,,844.0,711.0
143,4.765956962962963,,,,
144,4.799285333333333,,,,
145,4.832613703703704,,,,
146,4.8659420740740735,,,,
147,4.899270444444444,,,,
148,4.932598814814814,1124.0,448.0,1218.0,734.0
149,4.965927185185185,1147.0,442.0,1269.0,719.0
150,4.999255555555555,1165.0,432.0,1308.0,704.0
151,5.032583925925926,1179.0,426.0,1334.0,692.0
152,5.065912296296296,1187.0,422.0,1349.0,684.0
153,5.099240666666667,1189.0,422.0,1352.0,682.0
154,5.132569037037037,1185.0,424.0,1341.0,688.0
155,5.1658974074074075,1173.0,431.0,1319.0,699.0
156,5.1992257777777775,1159.0,438.0,1284.0,713.0
157,5.232554148148148,1140.0,445.0,1239.0,729.0
158,5.265882518518518,1113.0,450.0,1184.0,743.0
159,5.299210888888888,1087.0,454.0,,
160,5.332539259259259,,,,
161,5.365867629629629,,,,
162,5.399196,,,936.0,744.0
163,5.43252437037037,984.0,446.0,885.0,729.0
164,5.465852740740741,969.0,441.0,840.0,715.0
165,5.499181111111111,,,809.0,699.0
166,5.5325094814814815,,,790.0,688.0
167,5.565837851851851,,,782.0,683.0
168,5.599166222222222,,,787.0,684.0
169,5.632494592592592,,,803.0,692.0
170,5.665822962962963,,,830.0,706.0
171,5.699151333333333,,,869.0,721.0
172,5.732479703703704,,,916.0,737.0
173,5.765808074074074,,,972.0,749.0
174,5.799136444444444,,,1032.0,756.0
175,5.832464814814815,,,,
176,5.8657931851851846,,,,
177,5.899121555555555,,,1206.0,740.0
178,5.932449925925925,,,1251.0,727.0
179,5.965778296296296,1154.0,439.0,1286.0,713.0
180,5.999106666666666,1168.0,434.0,1310.0,703.0
181,6.032435037037037,1175.0,431.0,1322.0,698.0
182,6.065763407407407,1172.0,430.0,1322.0,697.0
183,6.099091777777778,1165.0,432.0,1311.0,702.0
184,6.132420148148148,1158.0,435.0,1290.0,712.0
185,6.165748518518519,1144.0,441.0,1257.0,724.0
186,6.1990768888888885,1126.0,446.0,1216.0,738.0
187,6.232405259259259,1104.0,450.0,1166.0,748.0
188,6.265733629629629,1081.0,453.0,1111.0,756.0
189,6.299062,1057.0,454.0,1054.0,757.0
190,6.33239037037037,,,997.0,755.0
191,6.36571874074074,,,944.0,745.0
192,6.399047111111111,,,898.0,735.0
193,6.432375481481481,,,861.0,723.0
194,6.465703851851852,,,834.0,711.0
195,6.499032222222222,,,817.0,703.0
196,6.5323605925925925,,,812.0,700.0
197,6.5656889629629624,,,818.0,702.0
198,6.599017333333333,,,835.0,709.0
199,6.632345703703703,,,861.0,720.0
200,6.665674074074074,,,897.0,732.0
201,6.699002444444444,,,941.0,745.0
202,6.732330814814815,,,990.0,754.0
203,6.765659185185185,,,1043.0,757.0
204,6.798987555555556,,,1097.0,758.0
205,6.832315925925926,,,1148.0,753.0
206,6.865644296296296,1114.0,452.0,1195.0,744.0
207,6.898972666666666,1137.0,443.0,1233.0,733.0
208,6.932301037037036,1151.0,438.0,1262.0,723.0
209,6.965629407407407,1159.0,436.0,1283.0,716.0
210,6.998957777777777,1159.0,437.0,1292.0,711.0
211,7.032286148148148,1160.0,437.0,1290.0,712.0
212,7.065614518518518,1156.0,439.0,1278.0,717.0
213,7.098942888888889,1147.0,439.0,1256.0,725.0
214,7.132271259259259,1134.0,443.0,1226.0,735.0
215,7.16559962962963,1117.0,447.0,1187.0,745.0
216,7.1989279999999995,1098.0,450.0,1142.0,753.0
217,7.23225637037037,1075.0,454.0,1093.0,757.0
218,7.26558474074074,1050.0,456.0,1043.0,758.0
219,7.298913111111111,,,993.0,756.0
220,7.332241481481481,,,949.0,749.0
221,7.365569851851851,999.0,451.0,910.0,739.0
222,7.398898222222222,987.0,448.0,879.0,729.0
223,7.432226592592592,976.0,445.0,858.0,720.0
224,7.465554962962963,,,845.0,715.0
225,7.498883333333333,,,843.0,714.0
226,7.5322117037037035,,,851.0,717.0
227,7.5655400740740735,984.0,444.0,868.0,723.0
228,7.598868444444444,994.0,449.0,894.0,732.0
229,7.632196814814814,1007.0,450.0,927.0,741.0
230,7.665525185185185,1024.0,453.0,967.0,750.0
231,7.698853555555555,1042.0,455.0,1011.0,756.0
232,7.732181925925926,1062.0,454.0,1057.0,759.0
233,7.765510296296296,1080.0,455.0,1104.0,757.0
234,7.798838666666667,1098.0,453.0,1147.0,754.0
235,7.832167037037037,1115.0,450.0,1186.0,747.0
236,7.8654954074074075,1127.0,447.0,1218.0,739.0
237,7.898823777777777,1136.0,445.0,1241.0,731.0
238,7.932152148148147,1141.0,444.0,1256.0,726.0
239,7.965480518518518,1145.0,444.0,1261.0,724.0
240,7.998808888888888,1130.0,435.0,1257.0,725.0
241,8.032137259259258,1137.0,448.0,1244.0,729.0
242,8.06546562962963,1128.0,450.0,1222.0,737.0
243,8.098794,1113.0,453.0,1193.0,744.0
244,8.13212237037037,1101.0,454.0,1158.0,750.0
245,8.16545074074074,1084.0,456.0,1117.0,756.0
246,8.198779111111111,1066.0,456.0,1074.0,758.0
247,8.232107481481481,1048.0,456.0,1032.0,758.0
248,8.265435851851851,1031.0,455.0,991.0,754.0
249,8.298764222222221,1016.0,452.0,954.0,750.0
250,8.332092592592593,1004.0,451.0,922.0,743.0
251,8.365420962962963,993.0,451.0,898.0,735.0
252,8.398749333333333,989.0,448.0,882.0,730.0
253,8.432077703703703,,,875.0,727.0
254,8.465406074074073,,,875.0,727.0
255,8.498734444444445,,,885.0,731.0
256,8.532062814814815,996.0,448.0,903.0,736.0
257,8.565391185185184,1006.0,451.0,927.0,743.0
258,8.598719555555554,1024.0,454.0,958.0,749.0
259,8.632047925925926,,,993.0,754.0
260,8.665376296296296,1052.0,456.0,1032.0,758.0
261,8.698704666666666,1068.0,456.0,1071.0,759.0
262,8.732033037037036,1082.0,456.0,1109.0,757.0
263,8.765361407407408,1099.0,453.0,1145.0,754.0
264,8.798689777777778,1111.0,451.0,1176.0,749.0
265,8.832018148148148,1124.0,448.0,1200.0,743.0
266,8.865346518518518,1130.0,447.0,1218.0,739.0
267,8.89867488888889,1124.0,447.0,1227.0,736.0
268,8.93200325925926,,,1229.0,735.0
269,8.96533162962963,1132.0,445.0,1222.0,737.0
270,8.99866,1124.0,448.0,1207.0,741.0
271,9.03198837037037,1114.0,450.0,1187.0,746.0
272,9.065316740740741,1102.0,452.0,1160.0,751.0
273,9.09864511111111,1089.0,454.0,1129.0,756.0
274,9.13197348148148,1075.0,456.0,1095.0,758.0
275,9.16530185185185,1059.0,457.0,1058.0,760.0
276,9.198630222222222,1044.0,455.0,1024.0,759.0
277,9.231958592592592,1030.0,456.0,991.0,755.0
278,9.265286962962962,1018.0,454.0,961.0,751.0
279,9.298615333333332,1008.0,453.0,937.0,746.0
280,9.331943703703704,1002.0,451.0,920.0,742.0
281,9.365272074074074,,,909.0,739.0
282,9.398600444444444,,,906.0,738.0
283,9.431928814814814,,,910.0,738.0
284,9.465257185185184,1003.0,453.0,921.0,742.0
285,9.498585555555556,,,939.0,745.0
286,9.531913925925926,,,961.0,750.0
287,9.565242296296296,,,988.0,754.0
288,9.598570666666665,,,1019.0,757.0
289,9.631899037037037,,,1050.0,759.0
290,9.665227407407407,,,1082.0,759.0
291,9.698555777777777,1094.0,451.0,1112.0,757.0
292,9.731884148148147,1106.0,450.0,1139.0,755.0
293,9.765212518518519,1112.0,449.0,1163.0,752.0
294,9.798540888888889,1115.0,450.0,1180.0,748.0
295,9.831869259259259,1119.0,449.0,1192.0,746.0
296,9.865197629629629,1120.0,450.0,1197.0,744.0
297,9.898526,1116.0,450.0,1194.0,745.0
298,9.93185437037037,1112.0,451.0,1185.0,747.0
299,9.96518274074074,1105.0,453.0,1170.0,749.0
300,9.99851111111111,1100.0,452.0,1151.0,753.0
301,10.03183948148148,1090.0,454.0,1128.0,756.0
302,10.065167851851852,1077.0,455.0,1101.0,758.0
303,10.098496222222222,1065.0,455.0,1073.0,759.0
304,10.131824592592592,1058.0,455.0,1045.0,759.0
305,10.165152962962962,1046.0,455.0,1017.0,758.0
306,10.198481333333334,1036.0,453.0,992.0,756.0
307,10.231809703703703,1028.0,453.0,971.0,753.0
308,10.265138074074073,1022.0,453.0,955.0,750.0
309,10.298466444444443,,,943.0,748.0
310,10.331794814814815,,,938.0,746.0
311,10.365123185185185,,,939.0,746.0
312,10.398451555555555,,,946.0,747.0
313,10.431779925925925,1024.0,452.0,957.0,750.0
314,10.465108296296297,,,974.0,752.0
315,10.498436666666667,,,994.0,755.0
316,10.531765037037037,,,1016.0,757.0
317,10.565093407407407,,,1040.0,759.0
318,10.598421777777776,1074.0,454.0,1065.0,759.0
319,10.631750148148148,1082.0,455.0,1089.0,759.0
320,10.665078518518518,1089.0,454.0,1111.0,758.0
321,10.698406888888888,1095.0,452.0,1131.0,756.0
322,10.731735259259258,1103.0,451.0,1146.0,754.0
323,10.76506362962963,1106.0,452.0,1157.0,752.0
324,10.798392,1111.0,451.0,1163.0,751.0
325,10.83172037037037,1111.0,453.0,1163.0,751.0
326,10.86504874074074,1103.0,452.0,1158.0,752.0
327,10.898377111111111,1102.0,453.0,1149.0,753.0
328,10.931705481481481,1093.0,454.0,1135.0,755.0
329,10.965033851851851,1086.0,455.0,1118.0,757.0
330,10.998362222222221,1079.0,454.0,1099.0,758.0
331,11.031690592592593,1070.0,455.0,1079.0,760.0
332,11.065018962962963,1060.0,455.0,1057.0,760.0
333,11.098347333333333,1051.0,454.0,1036.0,759.0
334,11.131675703703703,1039.0,455.0,1017.0,758.0
335,11.165004074074073,1035.0,455.0,999.0,757.0
336,11.198332444444445,1030.0,455.0,985.0,755.0
337,11.231660814814814,1027.0,454.0,975.0,754.0
338,11.264989185185184,1023.0,455.0,970.0,753.0
339,11.298317555555554,,,969.0,753.0
340,11.331645925925926,,,973.0,753.0
341,11.364974296296296,,,981.0,754.0
342,11.398302666666666,,,992.0,755.0
343,11.431631037037036,,,1005.0,757.0
344,11.464959407407408,,,1021.0,758.0
345,11.498287777777778,,,1039.0,759.0
346,11.531616148148148,,,1057.0,760.0
347,11.564944518518518,,,1075.0,759.0
348,11.598272888888888,,,1091.0,758.0
349,11.63160125925926,,,1105.0,758.0
350,11.66492962962963,,,1118.0,757.0
351,11.698258,1098.0,453.0,1127.0,756.0
352,11.731586370370369,1097.0,455.0,1132.0,756.0
353,11.76491474074074,1097.0,455.0,1133.0,756.0
354,11.79824311111111,,,1131.0,756.0
355,11.83157148148148,1090.0,451.0,1124.0,756.0
356,11.86489985185185,1090.0,452.0,1115.0,757.0
357,11.898228222222222,1090.0,456.0,1104.0,758.0
358,11.931556592592592,1078.0,457.0,1091.0,759.0
359,11.964884962962962,1070.0,457.0,1076.0,760.0
360,11.998213333333332,1067.0,454.0,1061.0,760.0
361,12.031541703703704,1058.0,454.0,1046.0,760.0
362,12.064870074074074,1054.0,455.0,1032.0,759.0
363,12.098198444444444,1049.0,454.0,1020.0,758.0
364,12.131526814814814,1042.0,454.0,1010.0,758.0
365,12.164855185185184,1039.0,455.0,1003.0,757.0
366,12.198183555555556,1038.0,454.0,999.0,757.0
367,12.231511925925926,1038.0,453.0,998.0,757.0
368,12.264840296296295,,,1000.0,757.0
369,12.298168666666665,,,1004.0,757.0
370,12.331497037037037,,,1012.0,758.0
371,12.364825407407407,1042.0,456.0,1022.0,758.0
372,12.398153777777777,1047.0,456.0,1032.0,759.0
373,12.431482148148147,1053.0,456.0,1043.0,759.0
374,12.464810518518519,1059.0,456.0,1056.0,760.0
375,12.498138888888889,,,1068.0,760.0
376,12.531467259259259,1070.0,455.0,1079.0,760.0
377,12.564795629629629,1075.0,458.0,1089.0,760.0
378,12.598124,1077.0,456.0,1097.0,759.0
379,12.63145237037037,1080.0,456.0,1102.0,758.0
380,12.66478074074074,1080.0,454.0,1106.0,758.0
381,12.69810911111111,,,1107.0,758.0
382,12.73143748148148,,,1104.0,758.0
383,12.764765851851852,,,1100.0,759.0
384,12.798094222222222,1077.0,458.0,1094.0,759.0
385,12.831422592592592,1084.0,455.0,1087.0,760.0
386,12.864750962962962,,,1078.0,759.0
387,12.898079333333333,1071.0,453.0,1069.0,760.0
388,12.931407703703703,1064.0,455.0,1060.0,760.0
389,12.964736074074073,1057.0,455.0,1051.0,760.0
390,12.998064444444443,1056.0,457.0,1042.0,760.0
391,13.031392814814815,1054.0,456.0,1034.0,759.0
392,13.064721185185185,1045.0,460.0,1028.0,759.0
393,13.098049555555555,1042.0,459.0,1024.0,759.0
394,13.131377925925925,1045.0,458.0,1022.0,759.0
395,13.164706296296295,1045.0,457.0,1021.0,759.0
396,13.198034666666667,1045.0,458.0,1023.0,759.0
397,13.231363037037037,1047.0,457.0,1026.0,759.0
398,13.264691407407406,1050.0,457.0,1031.0,759.0
399,13.298019777777776,1052.0,457.0,1037.0,759.0
400,13.331348148148148,1053.0,458.0,1043.0,760.0
401,13.364676518518518,1056.0,458.0,1050.0,760.0
402,13.398004888888888,1059.0,457.0,1058.0,760.0
403,13.431333259259258,1063.0,457.0,1064.0,760.0
404,13.46466162962963,1065.0,459.0,1071.0,760.0
405,13.49799,1070.0,458.0,1076.0,760.0
406,13.53131837037037,1069.0,459.0,1080.0,759.0
407,13.56464674074074,1082.0,455.0,1083.0,759.0
408,13.597975111111111,1081.0,451.0,1085.0,759.0
409,13.631303481481481,1083.0,454.0,1085.0,759.0
410,13.664631851851851,1083.0,454.0,1083.0,760.0
411,13.697960222222221,1074.0,456.0,1080.0,759.0
412,13.731288592592591,,,1077.0,760.0
413,13.764616962962963,,,1072.0,760.0
414,13.797945333333333,1065.0,458.0,1068.0,760.0
415,13.831273703703703,1062.0,459.0,1063.0,760.0
416,13.864602074074073,1060.0,459.0,1058.0,760.0
417,13.897930444444444,1058.0,458.0,1053.0,760.0
418,13.931258814814814,1056.0,458.0,1049.0,760.0
419,13.964587185185184,1055.0,458.0,1046.0,760.0
420,13.997915555555554,1054.0,457.0,1044.0,760.0
421,14.031243925925926,1055.0,457.0,1042.0,760.0
422,14.064572296296296,1056.0,457.0,1042.0,760.0
423,14.097900666666666,,,1042.0,760.0
424,14.131229037037036,,,1044.0,760.0
425,14.164557407407408,,,1046.0,760.0
426,14.197885777777778,1056.0,458.0,1048.0,760.0
427,14.231214148148148,1056.0,459.0,1051.0,760.0
428,14.264542518518518,1057.0,459.0,1053.0,760.0
429,14.297870888888887,1058.0,458.0,1056.0,760.0
430,14.33119925925926,1060.0,458.0,1058.0,760.0
431,14.36452762962963,,,1060.0,760.0
432,14.397855999999999,,,1062.0,760.0
433,14.431184370370369,1062.0,458.0,1064.0,760.0
434,14.46451274074074,1062.0,458.0,1065.0,760.0
435,14.49784111111111,,,1065.0,760.0
436,14.53116948148148,,,1064.0,760.0
437,14.56449785185185,,,1064.0,760.0
438,14.597826222222222,,,1063.0,760.0
439,14.631154592592592,1062.0,457.0,1062.0,760.0
440,14.664482962962962,1063.0,455.0,1061.0,760.0
441,14.697811333333332,,,1060.0,760.0
442,14.731139703703702,1060.0,459.0,1059.0,760.0
443,14.764468074074074,,,1058.0,760.0
444,14.797796444444444,,,1058.0,760.0
445,14.831124814814814,,,1058.0,760.0
446,14.864453185185184,,,1057.0,760.0
447,14.897781555555555,,,1057.0,760.0
448,14.931109925925925,,,1058.0,760.0
449,14.964438296296295,,,1058.0,760.0
