frame,time_raw,x_red,y_red,x_green,y_green,time
293,9.76512250761035,1059.480307396734,438.2305475504323,1147.4300653594769,679.2326797385621,0.0
294,9.798450570776255,1051.8518518518517,440.1471734892787,1133.37641723356,683.718820861678,0.03332806316590563
295,9.831778633942161,1042.2655367231637,442.73446327683615,1113.1561561561562,688.8528528528527,0.06665612633181126
296,9.865106697108066,1030.2992036405005,444.77133105802045,,,0.09998418949771688
297,9.898434760273972,1017.0321428571428,446.7190476190476,,,0.1333122526636225
298,9.931762823439877,1002.2022792022791,448.1353276353276,,,0.16664031582952815
299,9.965090886605783,987.9341736694677,448.27450980392155,,,0.19996837899543377
300,9.99841894977169,975.6095238095237,447.7261904761905,,,0.2332964421613394
301,10.031747012937595,964.3129943502825,446.36836158192085,,,0.266624505327245
302,10.0650750761035,954.5182987141443,445.484668644906,907.6996336996336,697.6996336996336,0.29995256849315066
303,10.098403139269406,947.6851311953353,444.11758989310005,886.5,693.5,0.3332806316590563
304,10.131731202435311,943.7744565217391,443.1494565217391,871.5578512396694,690.1763085399449,0.36660869482496194
305,10.165059265601217,942.3583333333333,442.5824074074074,863.5652173913044,687.1141304347826,0.39993675799086753
306,10.198387328767122,943.3835497835497,443.08484848484846,862.4403973509934,686.5761589403974,0.43326482115677317
307,10.231715391933028,946.4705882352941,443.61862745098034,868.3607594936709,688.4050632911392,0.4665928843226788
308,10.265043455098933,952.1056910569105,444.3635307781649,881.4421487603306,690.823691460055,0.49992094748858446
309,10.29837151826484,960.1118279569891,446.0967741935484,900.3899782135076,695.6710239651416,0.53324901065449
310,10.331699581430746,969.9564270152504,447.44117647058823,922.5,700.5,0.5665770738203957
311,10.365027644596651,980.5587529976018,448.1426858513189,951.6333943833944,699.3666056166056,0.5999051369863013
312,10.398355707762557,992.6185044359949,448.3738910012674,980.7667887667887,698.2332112332113,0.633233200152207
313,10.431683770928462,1005.062015503876,448.2700258397932,1009.9001831501831,697.0998168498168,0.6665612633181126
314,10.465011834094367,1017.6091030789826,446.69344042838014,1039.0335775335775,695.9664224664224,0.6998893264840182
315,10.498339897260273,1028.7018779342723,445.91431924882625,1068.1669719169718,694.833028083028,0.7332173896499239
316,10.531667960426178,1038.9837398373982,443.54674796747963,1097.3003663003662,693.6996336996336,0.7665454528158295
317,10.564996023592085,1047.6120527306966,441.47457627118644,1117.0496031746031,688.9503968253968,0.7998735159817351
318,10.59832408675799,1053.652380952381,439.8580952380952,1131.7652399481192,684.5356679636835,0.8332015791476407
319,10.631652149923896,1057.2892156862745,438.59509803921566,1139.873188405797,681.2548309178743,0.8665296423135463
320,10.664980213089802,1057.8308308308308,438.4864864864865,1142.0922909880564,679.7622149837133,0.899857705479452
321,10.698308276255707,1055.7716894977168,439.47853881278536,1137.9818594104306,682.5,0.9331857686453576
322,10.731636339421613,1050.5,440.9929718875502,1127.7442748091603,685.3625954198474,0.9665138318112633
323,10.764964402587518,1042.5729847494554,442.55664488017425,1112.3722504230118,690.301184433164,0.9998418949771689
324,10.798292465753423,1032.937360178971,444.5436241610738,1091.7595238095237,693.5,1.0331699581430744
325,10.831620528919329,1021.6223067173636,446.3903675538656,1068.5,699.5,1.06649802130898
326,10.864948592085236,1009.4912985274431,448.0401606425703,1040.5,702.5,1.0998260844748857
327,10.898276655251141,996.7709832134292,448.75659472422063,1013.0,702.5,1.1331541476407914
328,10.931604718417047,984.403019744483,448.31126596980255,985.5,702.5,1.166482210806697
329,10.964932781582952,973.4160305343512,448.08015267175574,958.0,702.5,1.1998102739726026
330,10.998260844748858,963.5429208472686,446.51282051282044,930.5,702.5,1.2331383371385083
331,11.031588907914763,956.3256262042388,445.3757225433526,909.5,699.5,1.266466400304414
332,11.064916971080669,951.3512241054614,444.5828625235404,893.4137931034483,694.9568965517242,1.2997944634703196
333,11.098245034246574,948.8328236493373,444.33435270132514,882.615535889872,692.8672566371681,1.3331225266362252
334,11.131573097412481,948.1971326164874,444.1236559139785,877.4450600184671,691.1892890120037,1.3664505898021309
335,11.164901160578387,950.0076628352489,444.44827586206895,879.7719298245613,691.4718374884579,1.3997786529680365
336,11.198229223744292,954.3294685990337,445.2917874396135,888.2308522114347,693.1564185544768,1.4331067161339421
337,11.231557286910197,960.1380042462845,446.359872611465,902.3089430894308,696.1626016260161,1.4664347792998478
338,11.264885350076103,968.4673423423422,446.96058558558553,921.5,699.5,1.4997628424657534
339,11.298213413242008,978.2655367231638,448.2655367231638,944.5,702.5,1.533090905631659
340,11.331541476407914,988.4727891156463,448.43764172335597,970.9,701.7,1.5664189687975647
341,11.364869539573819,999.3381642512077,448.3804347826087,997.3,700.9,1.5997470319634701
342,11.398197602739726,1010.5229244114001,447.7781908302354,1023.7,700.1,1.6330750951293758
343,11.431525665905632,1021.3574007220217,446.3586040914561,1050.1,699.3,1.6664031582952814
344,11.464853729071537,1030.8343815513626,445.2316561844863,1076.5,698.5,1.699731221461187
345,11.498181792237443,1039.4360465116279,443.3488372093023,1096.6421845574387,693.6817325800376,1.7330592846270927
346,11.531509855403348,1046.1257668711658,441.73926380368096,1111.7229080932782,690.2153635116597,1.7663873477929983
347,11.564837918569253,1049.7816399286987,441.2967914438503,1122.4431017119837,687.2457200402819,1.799715410958904
348,11.598165981735159,1051.4437810945271,440.4706467661691,1126.9166666666665,685.5,1.8330434741248096
349,11.631494044901064,1050.7106549364614,440.7575757575757,1126.2871376811593,686.5,1.8663715372907153
350,11.66482210806697,1047.361197110423,442.04127966976256,1118.866235167206,687.8435814455231,1.899699600456621
351,11.698150171232877,1041.9919540229885,442.5390804597701,1107.8231780167262,691.1194743130226,1.9330276636225265
352,11.731478234398782,1033.667711598746,444.44096133751304,1092.175084175084,694.6515151515151,1.9663557267884322
353,11.764806297564688,1024.1966666666667,446.1433333333333,1071.7745803357313,699.1103117505995,1.9996837899543378
354,11.798134360730593,1013.531806615776,446.8804071246819,1048.5,701.5,2.0330118531202435
355,11.831462423896498,1002.1409395973154,448.0738255033557,1024.5,704.5,2.066339916286149
356,11.864790487062404,990.9001161440185,448.48315911730543,998.5,705.5,2.0996679794520547
357,11.89811855022831,980.6038812785388,448.277397260274,974.5,705.5,2.13299604261796
358,11.931446613394215,971.4412607449857,447.4431709646609,951.1561561561562,704.147147147147,2.166324105783866
359,11.964774676560122,964.328125,446.57291666666663,930.1854043392503,701.1794871794872,2.1996521689497714
360,11.998102739726027,958.8022598870057,445.81450094161954,913.5,699.5,2.2329802321156773
361,12.031430802891933,955.4911297852474,445.31839402427636,901.533776301218,697.1738648947951,2.2663082952815827
362,12.064758866057838,953.9175438596491,445.35,895.2489343563512,695.3614663256607,2.2996363584474886
363,12.098086929223744,955.2837249782418,445.52393385552654,893.5990049751242,694.604975124378,2.332964421613394
364,12.131414992389649,957.628277153558,445.7612359550562,898.6993275696444,695.7425552353506,2.3662924847793
365,12.164743055555554,962.5,446.5,909.260162601626,696.981029810298,2.3996205479452053
366,12.19807111872146,968.6896551724138,446.9448275862069,923.8689458689457,700.3717948717949,2.432948611111111
367,12.231399181887365,976.6434599156117,448.3892405063291,942.3084886128364,703.1262939958592,2.4662766742770166
368,12.264727245053272,986.00217155266,448.27470141150917,963.6526610644257,704.7114845938374,2.4996047374429224
369,12.298055308219178,995.7464480874315,448.335519125683,987.5,705.5,2.532932800608828
370,12.331383371385083,1005.8416945373466,448.2218506131549,1012.5,705.5,2.5662608637747333
371,12.364711434550989,1014.7562358276643,446.7426303854875,1036.5,703.5,2.599588926940639
372,12.398039497716894,1024.2655367231637,446.2655367231638,1058.5,701.5,2.6329169901065446
373,12.4313675608828,1032.3565400843881,444.6371308016877,1077.5,697.5,2.6662450532724504
374,12.464695624048705,1037.6920187793426,443.618779342723,1093.356,694.62,2.699573116438356
375,12.49802368721461,1042.5,442.5,1104.58768873403,692.1544715447154,2.7329011796042617
376,12.531351750380518,1045.3342391304348,441.88949275362313,1110.1672394043526,690.5269186712485,2.766229242770167
377,12.564679813546423,1045.0877192982455,441.9087719298245,1111.4021956087824,689.0778443113772,2.799557305936073
378,12.598007876712328,1043.1183431952663,442.396449704142,1108.3728323699422,690.5867052023121,2.8328853691019784
379,12.631335939878234,1039.138673557278,443.5546942291128,1100.133764832794,693.2988133764832,2.8662134322678843
380,12.66466400304414,1032.6380042462845,444.4278131634819,1087.2613803230543,694.9985315712188,2.8995414954337897
381,12.697992066210045,1024.9792960662526,445.69358178053824,1071.6038095238096,698.2761904761904,2.9328695585996956
382,12.73132012937595,1016.293172690763,447.3403614457831,1052.7198067632849,700.5942028985507,2.966197621765601
383,12.764648192541856,1006.453947368421,448.39364035087715,1031.5,703.5,2.999525684931507
384,12.797976255707761,996.559174809989,448.53637350705753,1009.6526610644257,704.7114845938374,3.0328537480974123
385,12.831304318873668,986.7003367003367,448.685746352413,987.8438438438437,704.8528528528527,3.066181811263318
386,12.864632382039574,978.6369930761621,447.7952522255193,967.5,703.5,3.0995098744292235
387,12.897960445205479,971.2943361188485,447.59610027855155,948.5,703.5,3.1328379375951294
388,12.931288508371384,965.3900497512436,446.64079601990045,932.5505804311774,701.9568822553896,3.166166000761035
389,12.96461657153729,961.4469914040114,446.4517669531996,920.2482993197278,700.547619047619,3.1994940639269402
390,12.997944634703195,959.9807162534436,446.1726354453627,912.4152542372881,699.1318267419962,3.232822127092846
391,13.0312726978691,960.2823315118396,446.20765027322403,909.5860215053764,698.1890681003583,3.2661501902587515
392,13.064600761035006,962.0076628352489,446.44827586206895,911.8535353535353,698.3484848484849,3.2994782534246574
393,13.097928824200913,965.6187793427229,446.5934272300469,918.5,699.5,3.332806316590563
394,13.131256887366819,970.615535889872,447.59488692232054,929.6152927120669,701.3345280764635,3.3661343797564687
395,13.164584950532724,976.5497835497835,448.2435064935065,944.5,702.5,3.399462442922374
396,13.19791301369863,984.529858849077,448.26275787187836,962.0811287477953,704.1675485008818,3.43279050608828
397,13.231241076864535,992.903803131991,448.5838926174497,981.37641723356,705.2811791383219,3.4661185692541854
398,13.26456914003044,1001.9375,448.2554824561403,1001.7595238095237,705.5,3.4994466324200912
399,13.297897203196346,1010.4074074074074,447.6604938271605,1023.1755952380952,704.5,3.5327746955859967
400,13.331225266362251,1018.4784946236558,446.71075268817197,1042.7922077922078,703.1753246753246,3.5661027587519025
401,13.364553329528157,1025.5268199233717,445.9051724137931,1060.5,700.8157894736842,3.599430821917808
402,13.397881392694064,1031.3067375886524,444.9601063829787,1075.411382113821,698.1853658536585,3.632758885083714
403,13.43120945585997,1035.353315168029,443.8991825613079,1086.036231884058,695.276570048309,3.6660869482496192
404,13.464537519025875,1037.4447592067988,443.4749763928234,1094.0647163120566,694.5,3.699415011415525
405,13.49786558219178,1039.1128888888888,443.51377777777776,1096.8338249754179,693.6361848574238,3.7327430745814305
406,13.531193645357686,1037.3510638297873,443.71631205673754,1095.6354166666667,693.8394097222222,3.7660711377473364
407,13.564521708523591,1034.9024154589372,444.0628019323671,1089.9099378881988,695.2950310559006,3.799399200913242
408,13.597849771689496,1030.0119705340699,445.28729281767954,1080.5858930602956,697.3424345847553,3.832727264079147
409,13.631177834855402,1024.058064516129,446.3086021505376,1067.9231770833333,699.5625,3.866055327245053
410,13.664505898021309,1016.734463276836,446.73446327683615,1052.5,701.5,3.8993833904109585
411,13.697833961187214,1008.5780141843971,447.968085106383,1034.912013536379,702.6988155668358,3.9327114535768644
412,13.73116202435312,1000.1097308488612,448.055900621118,1016.620253164557,703.5253164556962,3.9660395167427698
413,13.764490087519025,992.2027168234064,448.44305120167184,998.9450757575756,705.375,3.9993675799086756
414,13.79781815068493,984.24016563147,448.5,980.5,705.1637168141593,4.0326956430745815
415,13.831146213850836,977.6064030131826,447.6139359698681,964.5,704.5,4.066023706240487
416,13.864474277016742,971.9260326609029,447.12968299711815,949.5651135005972,703.6654719235364,4.099351769406392
417,13.897802340182647,968.426400759734,447.372269705603,937.6152927120669,702.6403823178016,4.132679832572298
418,13.931130403348554,966.0491803278688,447.21857923497265,930.3607594936709,702.1571729957806,4.166007895738204
419,13.96445846651446,965.7232537577364,447.2767462422634,925.8690153568201,701.2122854561878,4.1993359589041095
420,13.997786529680365,967.4157801418439,446.8005319148936,925.7660818713449,700.8237259816207,4.232664022070015
421,14.03111459284627,969.587172538392,447.3748870822041,930.3844641101277,701.4051130776794,4.26599208523592
422,14.064442656012176,973.3531073446328,447.4378531073446,938.6538461538462,702.3951048951049,4.299320148401827
423,14.097770719178081,977.8823529411765,448.4004127966976,949.6363636363636,703.3560606060606,4.332648211567732
424,14.131098782343987,984.6434599156117,448.3892405063291,963.6213836477987,704.3522012578616,4.3659762747336375
425,14.164426845509892,991.7208588957055,448.4631901840491,979.5773049645389,704.6666666666666,4.399304337899543
426,14.197754908675797,998.9377777777777,448.39,996.3803418803419,705.3376068376068,4.432632401065449
427,14.231082971841705,1006.4809843400446,448.1129753914988,1012.8249158249157,704.6515151515151,4.465960464231355
428,14.26441103500761,1014.246588693957,447.233918128655,1029.6235827664398,703.718820861678,4.49928852739726
429,14.297739098173516,1020.1953675730109,446.551863041289,1045.202479338843,702.5,4.5326165905631655
430,14.331067161339421,1025.5817351598173,445.710502283105,1058.747435897436,700.4346153846154,4.565944653729071
431,14.364395224505326,1029.5796703296703,445.19505494505495,1069.6538461538462,699.5,4.599272716894977
432,14.397723287671232,1031.5678694158075,445.12113402061857,1077.109375,697.2385416666666,4.632600780060883
433,14.431051350837137,1031.8103896103896,445.11515151515147,1081.587172538392,697.374887082204,4.665928843226788
434,14.464379414003043,1031.5678694158075,445.12113402061857,1081.5552763819096,696.8015075376884,4.6992569063926934
435,14.49770747716895,1029.5192135835566,445.32797140303836,1078.5,697.5,4.7325849695586
436,14.531035540334855,1025.8622981956314,445.6381766381766,1071.2623106060605,698.5397727272727,4.765913032724505
437,14.56436360350076,1021.5384615384615,446.2869822485207,1061.5748299319728,699.6768707482993,4.799241095890411
438,14.597691666666666,1016.2107995846312,446.7590861889927,1049.7739898989898,701.6439393939394,4.832569159056316
439,14.631019729832571,1009.7078651685393,447.54588014981266,1035.9231770833333,703.265625,4.865897222222222
440,14.664347792998477,1002.6977777777777,448.13666666666666,1021.03231292517,703.9795918367347,4.899225285388128
441,14.697675856164382,996.1066666666666,448.545641025641,1006.240650406504,704.8373983739837,4.932553348554033
442,14.731003919330288,989.4748717948718,448.3682051282051,990.7593495934959,706.1626016260161,4.965881411719939
443,14.764331982496193,983.4411473788327,448.2363996043521,976.0467171717171,705.4166666666666,4.999209474885845
444,14.7976600456621,978.6170634920634,448.0039682539682,964.5,705.0455555555556,5.03253753805175
445,14.830988108828006,974.8333333333334,447.5965391621129,954.3641975308642,703.9022633744855,5.065865601217656
446,14.864316171993911,972.5300387596899,447.23352713178286,946.6358024691358,703.0977366255144,5.099193664383561
447,14.897644235159817,971.6361256544502,447.4005235602094,942.5376676986583,702.577915376677,5.132521727549467
448,14.930972298325722,971.8880139982501,447.38232720909883,941.6576131687242,702.5226337448559,5.165849790715373
449,14.964300361491627,973.7029177718833,447.3731211317418,943.7232537577364,703.2767462422635,5.199177853881278
450,14.997628424657533,977.1289736603087,447.708446866485,949.5,703.5,5.232505917047184
451,15.030956487823438,981.1164319248826,447.9511737089202,958.3641975308642,703.9022633744855,5.265833980213089
452,15.064284550989345,985.3921568627451,448.31470588235294,968.8662351672059,705.1564185544768,5.299162043378995
453,15.097612614155251,991.2917874396134,448.3294685990338,981.3112659698024,705.2067363530778,5.332490106544901
454,15.130940677321156,997.3518518518518,448.3362573099415,993.8231780167263,705.6654719235364,5.365818169710806
455,15.164268740487062,1003.5916919959471,448.28976697061796,1007.8982843137254,705.5,5.399146232876712
456,15.197596803652967,1010.032945736434,447.59302325581393,1021.5,704.5,5.432474296042618
457,15.230924866818873,1015.708446866485,447.12897366030876,1033.8231780167262,703.6654719235364,5.465802359208523
458,15.264252929984778,1019.9755620723362,446.574780058651,1045.5,701.7821637426899,5.499130422374429
459,15.297580993150683,1023.8385864374402,445.7812798471824,1053.6152927120668,701.6152927120669,5.532458485540334
460,15.330909056316589,1026.4023668639054,445.42011834319527,1060.7303785780239,700.3915050784856,5.565786548706241
461,15.364237119482496,1027.032888888889,445.59377777777775,1065.2944444444445,699.512037037037,5.599114611872146
462,15.397565182648401,1026.032697547684,445.6121707538601,1066.5,699.5,5.632442675038051
463,15.430893245814307,1024.574780058651,445.88269794721407,1065.2668513388735,699.6888273314866,5.665770738203957
464,15.464221308980212,1021.6197757390416,446.3598369011213,1060.5,700.0070281124497,5.699098801369863
465,15.497549372146118,1018.8556910569105,446.3993902439024,1053.5,701.5,5.7324268645357686
466,15.530877435312023,1014.4902597402597,446.78354978354974,1044.5,703.0455555555556,5.765754927701674
467,15.564205498477929,1009.4896115627822,447.58265582655827,1033.754303599374,702.056338028169,5.799082990867579
468,15.597533561643834,1003.9680082559338,447.94014447884416,1021.797520661157,704.5,5.832411054033485
469,15.630861624809741,998.5487179487179,448.19384615384615,1009.4858548585485,705.241082410824,5.865739117199391
470,15.664189687975647,992.8733535967577,448.3809523809523,997.2972027972028,705.548951048951,5.8990671803652965
471,15.697517751141552,987.8258426966293,448.2649812734082,986.5043478260869,705.0130434782609,5.932395243531202
472,15.730845814307457,983.4475394614669,448.09377901578455,976.5,704.9929718875502,5.965723306697107
473,15.764173877473363,980.0709219858155,447.8812056737588,968.413863404689,705.0621814475024,5.999051369863014
474,15.797501940639268,977.8180180180179,447.6684684684684,961.9503342884431,705.0267430754536,6.032379433028919
475,15.830830003805174,977.081081081081,447.67207207207207,957.6902439024391,704.4048780487805,6.0657074961948245
476,15.864158066971079,977.2845744680851,447.74290780141837,956.753086419753,704.770180436847,6.09903555936073
477,15.897486130136986,978.2045045045044,447.7684684684684,957.6205395996518,703.5839860748476,6.132363622526636
478,15.930814193302892,980.6235541535225,448.37644584647734,961.2939698492462,704.6507537688442,6.165691685692542
479,15.964142256468797,983.7111770524232,448.3877349159248,968.0251762336354,705.2940584088619,6.199019748858447
480,15.997470319634703,987.3518518518518,448.2953216374269,976.0251762336354,705.2940584088619,6.2323478120243525
481,16.030798382800608,991.8792270531401,448.4917874396135,985.2167414050821,704.1240657698056,6.265675875190259
482,16.064126445966515,996.6434599156117,448.3892405063291,995.5651135005972,705.6654719235364,6.299003938356164
483,16.09745450913242,1001.8463855421687,448.4066265060241,1005.9277389277389,705.5,6.33233200152207
484,16.130782572298326,1006.7160852713178,447.8062015503875,1016.5354497354496,704.953439153439,6.365660064687975
485,16.16411063546423,1011.3198924731183,447.6989247311828,1026.7784810126582,705.0179324894515,6.3989881278538805
486,16.197438698630137,1015.471111111111,447.2968888888888,1035.604099244876,703.3505933117583,6.432316191019787
487,16.23076676179604,1017.8816029143896,447.1466302367941,1042.6358024691358,703.0977366255144,6.465644254185692
488,16.264094824961948,1020.0369369369369,446.9054054054054,1048.687443541102,702.2312556458897,6.498972317351598
489,16.29742288812785,1021.271052631579,446.5394736842105,1051.5565302144248,700.9766081871345,6.532300380517503
490,16.33075095129376,1021.1081322609472,446.60947274352094,1053.22934888241,700.9931972789116,6.565628443683409
491,16.364079014459666,1019.8678160919541,446.4722222222222,1052.3728323699422,701.1994219653179,6.598956506849315
492,16.39740707762557,1017.7302452316077,447.02815622161665,1049.3102564102564,702.2692307692307,6.63228457001522
493,16.430735140791477,1015.6736657917759,447.2134733158355,1044.2871376811593,702.5,6.665612633181126
494,16.46406320395738,1011.9150684931507,447.3789954337899,1036.9166666666665,703.5,6.698940696347032
495,16.497391267123287,1008.6089015151515,447.68276515151507,1028.9701646090534,703.6604938271605,6.732268759512937
496,16.53071933028919,1004.0434782608696,448.2908212560386,1020.3641975308642,705.0977366255144,6.765596822678843
497,16.5640473934551,999.7512742099897,448.2303771661569,1011.3112659698024,705.2067363530778,6.798924885844748
498,16.597375456621002,995.3323996265171,448.10084033613447,1001.6040992448758,705.3505933117583,6.8322529490106545
499,16.63070351978691,991.4035087719298,448.14404432132966,993.062757201646,705.4320987654321,6.86558101217656
500,16.664031582952816,987.8394024276377,448.2829131652661,984.9166666666666,705.5,6.898909075342465
501,16.69735964611872,985.2574447646493,448.30067243035535,978.5,705.5,6.932237138508371
502,16.730687709284627,983.2681359044994,448.0018365472911,973.6385336743392,704.9070758738277,6.965565201674277
503,16.76401577245053,982.1964444444443,448.09511111111107,970.5253924284394,705.2280701754386,6.9988932648401825
504,16.797343835616438,982.1964444444443,448.09511111111107,969.1444734551784,705.2228024369016,7.032221328006088
505,16.83067189878234,983.2681359044994,448.0018365472911,969.8752052545155,704.7216748768473,7.065549391171993
506,16.86399996194825,985.1164319248826,447.9511737089202,972.6061427280938,705.374887082204,7.098877454337899
507,16.897328025114156,987.2681359044994,448.0018365472911,976.9402697495183,705.5,7.132205517503805
508,16.93065608828006,989.6081871345029,448.0711500974658,982.9402697495183,705.5,7.1655335806697105
509,16.963984151445967,993.1183431952662,448.396449704142,990.1094674556213,705.4349112426036,7.198861643835616
510,16.99731221461187,997.0067632850241,448.09758454106276,998.0251762336354,705.2940584088619,7.232189707001521
511,17.030640277777778,1000.6919959473149,448.1266464032421,1005.7878787878788,705.3396029258098,7.265517770167428
512,17.06396834094368,1004.6235541535225,448.37644584647734,1014.0251762336354,705.2940584088619,7.298845833333333
513,17.09729640410959,1007.8866666666667,447.66,1021.5,704.5,7.3321738964992385
514,17.130624467275492,1011.1889838556505,448.2402659069325,1028.5742379547687,703.8603736479843,7.365501959665144
515,17.1639525304414,1013.4051130776794,448.2074729596853,1034.3641975308642,703.6172839506173,7.39883002283105
516,17.197280593607307,1015.0587639311043,447.9219858156028,1038.3006724303555,703.2574447646493,7.432158085996956
517,17.23060865677321,1015.7232537577364,447.2767462422634,1041.5,703.2544326241134,7.465486149162861
518,17.263936719939117,1015.7232537577364,447.2767462422634,1042.3006724303555,703.2574447646493,7.498814212328766
519,17.29726478310502,1015.5114035087719,446.9763157894737,1041.6218274111675,702.7614213197969,7.532142275494673
520,17.330592846270928,1013.7429078014184,447.2845744680851,1039.0477707006369,702.9394904458599,7.565470338660578
521,17.363920909436832,1012.2779397473274,447.3372206025267,1034.9402697495182,703.2331406551059,7.598798401826484
522,17.39724897260274,1009.7388591800355,447.32174688057034,1030.3353233830844,703.6766169154229,7.632126464992389
523,17.430577035768643,1007.2896341463414,448.23678861788613,1024.5697137580794,704.3527239150508,7.665454528158294
524,17.46390509893455,1003.4717514124294,448.108286252354,1017.7264673311183,705.220376522702,7.698782591324201
525,17.497233162100457,1000.1558185404338,448.3905325443787,1011.062757201646,705.4320987654321,7.732110654490106
526,17.53056122526636,997.1183431952662,448.396449704142,1003.6224489795918,705.3707482993198,7.765438717656012
527,17.563889288432268,994.1558185404338,448.3905325443787,997.4450600184671,705.3111726685133,7.798766780821917
528,17.59721735159817,991.2917874396134,448.3294685990338,991.5351598173515,705.448401826484,7.832094843987823
529,17.63054541476408,989.2917874396134,448.3294685990338,986.615535889872,705.5948869223205,7.865422907153729
530,17.663873477929982,987.8487394957983,448.35480859010266,982.7452736318406,705.673631840796,7.898750970319634
531,17.69720154109589,987.2774566473988,448.3121387283237,980.8685990338163,705.1748792270531,7.9320790334855396
532,17.730529604261797,987.2774566473988,448.3121387283237,978.8761528326745,704.6139657444005,7.965407096651446
533,17.7638576674277,987.5765503875969,448.3149224806201,980.6715976331361,705.3461538461538,7.998735159817351
534,17.797185730593608,988.9353647276084,448.17359187442287,982.6715976331361,705.3461538461538,8.032063222983258
535,17.83051379375951,990.1443089430894,448.6006097560976,986.2222222222222,704.781045751634,8.065391286149163
536,17.86384185692542,992.3955696202531,448.6044303797468,990.2998885172797,704.9186176142698,8.098719349315068
537,17.897169920091322,994.6235541535225,448.37644584647734,994.9748237663645,705.705941591138,8.132047412480974
538,17.93049798325723,997.4260355029586,448.2189349112426,1000.6506137865911,705.3295561850803,8.16537547564688
539,17.963826046423133,1000.0099637681159,448.07699275362313,1006.3006724303553,705.2574447646493,8.198703538812785
540,17.99715410958904,1003.1164319248826,448.075117370892,1012.3006724303553,705.2574447646493,8.23203160197869
541,18.030482172754947,1005.2872928176796,448.0119705340699,1017.2521246458923,704.780925401322,8.265359665144596
542,18.06381023592085,1007.3154602323502,447.79088471849866,1022.5,704.0070281124497,8.298687728310501
543,18.097138299086758,1009.320140721196,447.69129287598946,1026.687443541102,704.2312556458897,8.332015791476408
544,18.130466362252662,1010.4638095238095,447.4266666666666,1029.6752356469578,704.0908311910882,8.365343854642314
545,18.16379442541857,1011.2845744680851,447.74290780141837,1031.5241488519398,704.2311955661124,8.398671917808219
546,18.197122488584473,1011.5310880829015,447.513816925734,1032.5,703.5,8.431999980974124
547,18.23045055175038,1011.193607305936,447.77168949771686,1031.7152600170502,703.7152600170502,8.46532804414003
548,18.263778614916284,1009.9883512544802,447.5277777777777,1029.8555265448215,703.7771975630983,8.498656107305935
549,18.29710667808219,1008.8412228796843,447.65779092702167,1026.788120567376,704.3404255319149,8.53198417047184
550,18.330434741248098,1006.8412228796843,447.65779092702167,1024.0547686496695,704.780925401322,8.565312233637746
551,18.363762804414,1005.4051130776794,448.2074729596853,1019.6040992448758,705.3505933117583,8.598640296803653
552,18.39709086757991,1003.3412698412698,448.23809523809524,1014.8060263653483,705.1318267419962,8.631968359969559
553,18.430418930745812,1000.6235541535225,448.37644584647734,1010.3757062146892,705.3926553672317,8.665296423135464
554,18.46374699391172,998.1558185404338,448.3905325443787,1005.587172538392,705.374887082204,8.69862448630137
555,18.497075057077623,996.0105363984674,448.42528735632186,1000.9402697495183,705.5,8.731952549467275
556,18.53040312024353,994.6235541535225,448.37644584647734,996.9402697495183,705.5,8.76528061263318
557,18.563731183409434,993.31843575419,448.08472998137796,994.166175024582,705.3638151425762,8.798608675799086
558,18.59705924657534,991.9157509157509,448.1996336996337,990.9402697495183,705.5,8.831936738964991
559,18.63038730974125,991.4270833333333,448.404356060606,989.7720504009162,703.7342497136311,8.865264802130898
560,18.663715372907152,991.4270833333333,448.404356060606,989.7916666666666,703.6299019607842,8.898592865296804
561,18.69704343607306,991.4472934472934,448.392212725546,989.5836575875486,703.6018158236056,8.93192092846271
562,18.730371499238963,992.6044303797469,448.3955696202532,990.4780701754386,704.8388157894736,8.965248991628615
563,18.76369956240487,993.2917874396134,448.3294685990338,992.4780701754386,704.8388157894736,8.99857705479452
564,18.797027625570774,994.6235541535225,448.37644584647734,996.6496732026144,703.4183006535948,9.031905117960425
565,18.83035568873668,996.1120527306966,448.0969868173257,999.6354166666666,705.4010416666666,9.065233181126331
566,18.863683751902588,997.9752066115702,448.1616161616161,1003.5,705.5,9.098561244292236
567,18.897011815068492,999.941230486685,448.1955922865014,1006.7303785780239,705.2668513388735,9.131889307458142
568,18.9303398782344,1001.6081871345029,448.0711500974658,1010.5,705.5,9.165217370624049
569,18.963667941400303,1003.4628571428572,447.98952380952375,1014.3006724303553,705.2574447646493,9.198545433789954
570,18.99699600456621,1004.3797101449276,448.08019323671493,1016.7894288150042,704.6359761295822,9.23187349695586
571,19.030324067732113,1005.5837988826815,447.81936685288633,1019.4230769230769,704.7307692307693,9.265201560121765
572,19.06365213089802,1006.7465483234713,447.92406311637075,1021.3693467336683,704.5753768844221,9.29852962328767
573,19.096980194063924,1007.475,447.79259259259254,1023.2345991561181,704.3198312236286,9.331857686453576
574,19.13030825722983,1007.3037634408602,447.8207885304659,1022.8848987108655,703.8867403314918,9.365185749619481
575,19.16363632039574,1006.4764595103577,447.8709981167608,1022.7168234064785,703.5067920585161,9.398513812785387
576,19.196964383561642,1006.1648841354722,447.7308377896613,1021.2109025915995,704.3690795352993,9.431841875951294
577,19.23029244672755,1005.638497652582,447.6394366197183,1019.7660818713449,704.8237259816207,9.4651699391172
578,19.263620509893453,1005.1502732240438,447.7276867030965,1017.6385336743392,704.9070758738277,9.498498002283105
579,19.29694857305936,1003.3406392694063,447.972602739726,1015.6822660098522,704.7216748768473,9.53182606544901
580,19.330276636225264,1002.0896686159842,448.3391812865497,1012.5,705.5,9.565154128614916
581,19.36360469939117,1001.2574447646493,448.30067243035535,1010.3757062146892,705.3926553672317,9.598482191780821
582,19.396932762557075,997.7041666666667,448.253125,1006.3006724303553,705.2574447646493,9.631810254946727
583,19.430260825722982,999.4092702169625,448.39940828402365,1006.3757062146892,705.3926553672317,9.665138318112632
