frame,time_s,x1,y1,x2,y2
0,0.0,1431.5482704527928,519.5668554412273,1288.0351545955102,583.9707750952986
1,0.033328081232493,1431.1967367430186,519.5881183976571,1287.4011703511053,584.2867360208062
2,0.066656162464986,1431.777318246846,519.6367798153206,1287.4550858652576,584.5092470277411
3,0.09998424369747899,1431.9411565423604,520.4309279962473,1287.1630561378988,585.0861868157465
4,0.133312324929972,1431.22812491666,520.9013787769688,1285.8475346512155,585.822994773915
5,0.166640406162465,1496.0314164564059,514.8122021306419,1285.2279427942794,586.1810781078108
6,0.19996848739495798,1495.3250539574708,514.7884159501822,1285.6431895093062,586.0454737732656
7,0.233296568627451,1496.5093623127536,514.9078643427132,1285.6431895093062,586.0454737732656
8,0.266624649859944,1497.0870534556955,515.17984480047,1285.4690885914595,586.1244954323348
9,0.299952731092437,1486.8924608767934,517.9217355162817,1285.4690885914595,586.1244954323348
10,0.33328081232493,1484.0027660324172,518.2147463002115,1285.1322851153038,586.7236897274632
11,0.366608893557423,1484.3142700368167,518.143691588785,1285.282705807275,586.5271218889598
12,0.39993697478991597,1484.0710838705131,517.9081510444186,1285.6698412698413,585.7642328042327
13,0.433265056022409,1432.5342307028573,520.3509109286788,1286.0174443043295,585.2232030264818
14,0.466593137254902,1433.0501507463784,519.8856533568645,1286.5099626400997,585.3617683686177
15,0.49992121848739496,1432.853884001789,519.1835644351672,1286.6918358714042,584.5482233502538
16,0.533249299719888,1493.7254150702424,513.8752384269625,1287.2740205734297,584.3048807178814
17,0.566577380952381,1495.2473928254574,513.7337250372453,1288.1678532901833,583.7935275080906
18,0.599905462184874,1431.8632318012162,518.2026466212512,1289.5869702719797,582.7940122285473
19,0.6332335434173669,1491.614990138067,512.7014492753623,1290.4129385964911,582.2052631578947
20,0.66656162464986,1490.8977626012945,513.2916263187401,1290.8291478858123,582.3176647349217
21,0.699889705882353,1485.9089073800997,517.1251316621024,1289.4659887005648,585.4861016949153
22,0.733217787114846,1450.9374246882442,513.1988790808463,1283.8446158240502,597.5069980005712
23,0.766545868347339,1534.8563077152219,488.9203157581173,1271.735294117647,625.1747655583972
24,0.7998739495798319,1519.3455926185106,458.8579685353653,1247.4863204913454,659.2384142936907
25,0.833202030812325,1645.8564819098733,420.13156596033434,1206.7882689556507,683.0443490701001
26,0.866530112044818,1652.932701610608,365.97037732627626,,
27,0.899858193277311,1775.6308734827612,316.07118921736543,,
28,0.933186274509804,1850.0047725896638,255.96139188659757,,
29,0.9665143557422969,1878.2819314641745,154.00173070266527,,
30,0.9998424369747899,840.2395619438739,414.0828199863107,,
31,1.033170518207283,823.2907268170426,403.8558897243107,,
32,1.066498599439776,816.0938271604938,398.35555555555555,,
33,1.099826680672269,815.1472,398.2016,599.5322580645161,602.6505376344086
34,1.133154761904762,816.6610896610896,398.7558987558987,589.0382059800664,552.5
35,1.166482843137255,819.8637901861251,400.3197969543147,596.673640167364,513.8702928870293
36,1.199810924369748,829.6803455723542,408.9942404607631,616.9059760956176,492.3986719787516
37,1.2331390056022409,842.4051654560128,415.28167877320413,645.2078125,488.221875
38,1.2664670868347339,862.0739875389407,423.7943925233645,677.1839517919441,500.9898509356168
39,1.299795168067227,886.7753446877533,430.4063260340633,713.266395296246,528.4690185436453
40,1.33312324929972,916.5795454545455,437.0246212121212,752.9103535353535,569.8270202020201
41,1.366451330532213,949.3003663003662,439.6996336996337,,
42,1.399779411764706,971.7656565656564,437.6828282828282,,
43,1.433107492997199,,,,
44,1.466435574229692,,,,
45,1.499763655462185,,,,
46,1.533091736694678,,,,
47,1.5664198179271709,,,1193.0569561157795,566.609710550887
48,1.5997478991596639,,,1216.7223538704582,525.5710900473933
49,1.6330759803921568,,,1233.4497126436781,499.42816091954023
50,1.66640406162465,,,1246.2825120772945,488.2372946859903
51,1.699732142857143,,,1255.3337466418682,493.41062202934484
52,1.733060224089636,,,1258.5165745856355,515.291896869245
53,1.766388305322129,,,1253.5691523263224,553.0917782026769
54,1.799716386554622,1046.5,420.0,1234.5,608.5
55,1.833044467787115,,,,
56,1.866372549019608,,,,
57,1.899700630252101,,,,
58,1.9330287114845939,,,,
59,1.9663567927170869,,,,
60,1.9996848739495798,,,,
61,2.033012955182073,,,739.6463414634146,643.5243902439024
62,2.066341036414566,,,682.4785714285714,635.2392857142858
63,2.0996691176470588,,,637.3229058046576,633.7400069516857
64,2.132997198879552,812.2766990291262,398.7734627831715,611.7071267200657,635.8500718833436
65,2.1663252801120447,786.6645105648986,383.849935316947,606.3610371159651,638.8170839992896
66,2.199653361344538,776.363196125908,370.9491525423729,619.1169671752195,642.6844660194175
67,2.232981442577031,775.6640316205534,370.71673254281944,643.8732125834127,651.196695265332
68,2.266309523809524,790.1135207496652,380.8987951807229,678.0659186535764,667.973819541842
69,2.299637605042017,813.8382242287433,396.75432656132426,721.0313499680102,690.6238003838772
70,2.33296568627451,844.6977186311788,415.94106463878325,770.3259259259258,713.1970370370369
71,2.366293767507003,,,,
72,2.399621848739496,,,,
73,2.432949929971989,,,,
74,2.4662780112044818,,,,
75,2.499606092436975,,,,
76,2.5329341736694677,1082.9649122807018,407.0590111642743,,
77,2.566262254901961,1096.7699876998768,401.31365313653134,1227.7285429141716,672.0858283433133
78,2.599590336134454,,,1269.2133956386292,649.4906542056075
79,2.632918417366947,1098.1094339622641,401.18490566037735,1291.1986073266726,625.0115046927035
80,2.66624649859944,1090.035242290749,406.63289280469894,1295.3460383460383,605.3975513975514
81,2.699574579831933,1079.3598673300164,412.7363184079602,1284.3200897867564,595.7371492704826
82,2.732902661064426,1063.3819444444443,419.43055555555554,1261.3729096989966,598.8932552954292
83,2.766230742296919,1043.281179138322,427.37641723356006,1228.0062711046792,615.2083936324168
84,2.799558823529412,,,1182.5,644.5
85,2.8328869047619047,,,,
86,2.866214985994398,,,,
87,2.8995430672268907,,,,
88,2.932871148459384,,,,
89,2.966199229691877,,,,
90,2.99952731092437,,,,
91,3.032855392156863,,,712.9937888198758,641.9351276742581
92,3.066183473389356,,,675.5486351403306,617.4329104190695
93,3.099511554621849,,,646.8966641585151,604.840983195385
94,3.1328396358543418,833.5,416.5,628.7424242424242,604.7167832167833
95,3.166167717086835,,,623.4595005428881,616.9020629750271
96,3.1994957983193277,,,633.2055504727051,639.1067398597133
97,3.232823879551821,,,660.4446138211382,665.795731707317
98,3.2661519607843137,837.7965571205008,412.2926447574335,705.3058103975535,692.0030581039755
99,3.299480042016807,851.4769953051642,418.3230046948357,763.6996336996336,713.6996336996336
100,3.3328081232493,872.1878636741479,426.1097256857855,,
101,3.366136204481793,903.0863157894737,433.31859649122805,,
102,3.399464285714286,,,,
103,3.432792366946779,,,,
104,3.466120448179272,,,,
105,3.4994485294117648,,,1151.1616541353383,709.3345864661654
106,3.532776610644258,1074.5,412.5,1194.2215647600262,690.4543063773833
107,3.5661046918767507,1092.5,402.5,1228.9968329374503,674.5043547110055
108,3.599432773109244,,,1253.3944,661.8261333333332
109,3.6327608543417367,1101.0,400.0,1264.6600758937486,654.4142200918714
110,3.66608893557423,1099.2149758454107,403.07004830917873,1263.70120580421,653.7817290006132
111,3.699417016806723,1085.2706270627061,409.66666666666663,1248.47440997083,659.578095995757
112,3.732745098039216,1065.5,419.5,1221.0150406504065,670.3146341463415
113,3.766073179271709,,,1180.5486649440138,687.6037898363479
114,3.799401260504202,,,1126.5,707.5
115,3.832729341736695,,,,
116,3.8660574229691878,,,,
117,3.899385504201681,,,,
118,3.9327135854341737,,,,
119,3.966041666666667,,,,
120,3.9993697478991597,879.718820861678,431.37641723356006,728.5224043715847,692.0699453551912
121,4.032697829131653,863.718820861678,425.37641723356006,687.7701949860724,669.3268337975858
122,4.066025910364146,847.1420454545455,413.71496212121207,660.7272226809798,651.4772914946325
123,4.099353991596639,842.4726775956283,416.7663934426229,644.8491829100216,641.9856270919471
124,4.132682072829132,837.718820861678,415.37641723356006,642.4403839055002,642.2456626061277
125,4.166010154061625,838.2348484848485,413.905303030303,652.6681286549708,651.0134015594541
126,4.1993382352941175,842.641935483871,414.3827956989247,675.8089292470677,668.4055996973136
127,4.232666316526611,855.6824858757061,420.6293785310734,712.2432915921288,688.984496124031
128,4.265994397759104,872.4788888888888,427.5711111111111,761.5,709.5
129,4.299322478991597,895.1030595813204,435.122383252818,,
130,4.3326505602240895,920.0882352941177,438.43529411764706,,
131,4.365978641456583,949.1046228710462,440.330900243309,,
132,4.399306722689076,974.5,441.0,,
133,4.432634803921569,,,1082.5,727.5
134,4.465962885154062,,,1135.3135802469135,711.5
135,4.499290966386555,,,1179.1581920903955,696.6960451977401
136,4.532619047619048,,,1211.6770508826582,682.1498788508134
137,4.5659471288515405,,,1233.425724637681,671.1969461697722
138,4.599275210084034,1090.0,406.0,1243.8649019607842,666.0139215686273
139,4.632603291316527,,,1241.5503780911506,666.6821990598813
140,4.66593137254902,1074.5,414.5,1226.702064896755,673.6771252346473
141,4.699259453781512,1064.045197740113,420.4632768361582,1199.2754686226567,686.961695191524
142,4.732587535014006,1045.5,426.5,1161.9161940768745,702.8985507246376
143,4.765915616246499,,,1112.5594059405942,719.3118811881188
144,4.799243697478992,,,1054.5,733.5
145,4.832571778711485,971.5,441.0,,
146,4.865899859943978,945.5,441.0,,
147,4.899227941176471,919.5,439.0,,
148,4.9325560224089635,893.0,435.0,804.1344696969696,725.0094696969696
149,4.965884103641457,872.5,429.0,754.369602763385,709.2970639032815
150,4.99921218487395,,,714.2260792167333,692.31419670672
151,5.032540266106443,848.8037634408602,421.2016129032258,686.3703066781312,677.1169389509888
152,5.065868347338935,843.4525993883792,418.48012232415897,670.7962395258531,667.8140200286122
153,5.099196428571429,841.0,418.0,667.5938864628821,665.1575691411936
154,5.132524509803922,843.5,418.5,677.1097883597884,670.4100529100529
155,5.165852591036415,846.8074074074074,421.33037037037036,698.4788384306456,681.0426320667284
156,5.199180672268908,,,731.8833792470155,697.1258034894398
157,5.232508753501401,,,774.6217391304348,713.7
158,5.265836834733894,,,828.4786967418546,728.2055137844611
159,5.2991649159663865,,,888.5,739.5
160,5.33249299719888,,,950.5,744.5
161,5.365821078431373,,,,
162,5.399149159663866,,,1069.5,730.5
163,5.432477240896358,,,1119.517391304348,717.1608695652174
164,5.465805322128852,,,1160.4765584750128,703.0978876867593
165,5.499133403361345,,,1191.6228156940322,690.3349818661391
166,5.532461484593838,,,1211.3367959372115,681.8986611265004
167,5.565789565826331,,,1219.5972222222222,677.706081081081
168,5.599117647058824,,,1216.778816199377,679.5534787123572
169,5.632445728291317,,,1202.125283018868,685.8440251572326
170,5.6657738095238095,,,1176.964184397163,696.0936170212766
171,5.699101890756303,,,1141.3798049340216,709.2076878944348
172,5.732429971988796,,,1096.8906976744186,722.9325581395349
173,5.765758053221289,,,1044.6910569105692,734.1626016260161
174,5.799086134453781,,,987.1755952380952,740.5
175,5.832414215686275,,,928.5,742.5
176,5.865742296918768,,,870.5,738.5
177,5.899070378151261,,,818.6946308724832,728.0514541387024
178,5.932398459383754,,,772.9244875943905,716.2669902912621
179,5.965726540616247,,,737.2334054834055,702.3484848484849
180,5.99905462184874,860.5,424.5,711.5670731707318,691.3033536585366
181,6.0323827030812325,854.6283524904213,422.4291187739463,698.1630015432098,683.9976851851852
182,6.065710784313726,850.0,422.5,695.455124704169,681.8561805934826
183,6.099038865546219,,,705.268561357127,686.6342806785635
184,6.132366946778712,857.5,424.5,725.7744165946414,695.3912417170844
185,6.165695028011204,869.5,428.5,755.863184079602,707.6766169154229
186,6.199023109243698,886.147147147147,431.84384384384384,796.7319257837491,720.9475367882277
187,6.232351190476191,,,844.2641666666666,732.765
188,6.2656792717086836,,,897.4213564213563,740.2698412698412
189,6.299007352941177,,,953.2404761904761,743.5
190,6.33233543417367,,,1009.2404761904761,741.5
191,6.365663515406163,,,1060.119221411192,733.6386861313869
192,6.3989915966386555,,,1104.6255989048595,722.5715263518138
193,6.432319677871149,,,1141.9579166666665,711.8170833333332
194,6.465647759103642,,,1168.3736582535537,701.477516681172
195,6.498975840336135,,,1186.090889464594,693.985535405872
196,6.532303921568627,,,1192.9838064046578,690.8109534206695
197,6.565632002801121,,,1188.7341954022988,692.4987684729064
198,6.598960084033614,,,1174.2162849872773,698.4893129770992
199,6.6322881652661065,,,1150.1944709246902,707.6298061646012
200,6.6656162464986,,,1118.1670940170939,718.384188034188
201,6.698944327731093,,,1076.1463714637146,728.4520295202952
202,6.732272408963586,,,1029.1289173789173,737.0940170940171
203,6.7656004901960785,,,978.4914914914914,742.8398398398398
204,6.798928571428572,,,925.991812865497,741.5847953216374
205,6.832256652661065,,,876.0669818754925,737.8786446020488
206,6.865584733893558,,,829.2660377358491,731.2849056603774
207,6.89891281512605,,,789.5137362637363,721.683608058608
208,6.932240896358544,,,758.1922465840482,711.2043215761041
209,6.965568977591037,,,737.0053426248547,702.7809523809524
210,6.9988970588235295,865.8115942028985,425.0748792270531,726.0212187159957,697.2899891186072
211,7.032225140056023,864.7093333333332,426.5813333333333,725.9606507756337,696.8021188043889
212,7.065553221288516,867.5458937198067,418.4685990338164,736.0641876936696,700.813634351483
213,7.098881302521009,874.5,420.5,756.1129476584022,708.4223140495868
214,7.132209383753501,,,784.5983263598326,718.2384937238494
215,7.165537464985995,,,821.1633428300095,727.9045584045584
216,7.198865546218488,,,864.3676470588235,736.5
217,7.232193627450981,940.6901960784313,434.3803921568627,911.2946089597569,742.8025816249051
218,7.265521708683473,962.2437275985662,434.347670250896,960.0208333333334,744.9166666666666
219,7.298849789915967,,,1008.6700767263427,741.9607843137254
220,7.33217787114846,,,1053.2420494699647,734.5247349823321
221,7.3655059523809525,,,1091.146138807429,726.3475073313783
222,7.398834033613446,,,1123.4054408390691,717.8262864634545
223,7.432162114845939,,,1146.6197004315816,709.953795379538
224,7.465490196078432,,,1160.0277777777778,704.7358113509192
225,7.498818277310924,,,1164.6832967836256,703.0765716374268
226,7.532146358543418,,,1158.7028897028897,704.9417989417989
227,7.565474439775911,,,1144.1366080156401,710.0469208211143
228,7.598802521008404,,,1120.878438899552,717.4097888675624
229,7.632130602240896,,,1090.1540519877674,725.9518348623853
230,7.66545868347339,,,1053.5233236151603,734.3658892128279
231,7.698786764705883,,,1010.7062937062936,741.1153846153846
232,7.7321148459383755,,,966.2474657125819,744.5342874180083
233,7.765442927170869,,,921.3853046594982,744.1230585424133
234,7.798771008403362,,,877.3509641873277,740.134435261708
235,7.832099089635855,,,838.2091324200912,733.9159817351598
236,7.865427170868347,,,805.2832131822863,726.1774802608993
237,7.898755252100841,,,779.3161919831223,718.888976793249
238,7.932083333333334,,,762.4967402733964,712.7644584647738
239,7.965411414565827,,,755.252798844348,709.6419284940412
240,7.998739495798319,874.4557823129251,430.54421768707476,757.3447629754544,709.9250515270751
241,8.032067577030812,881.8716216216217,431.18918918918916,768.703947368421,713.9383771929824
242,8.065395658263306,888.5,430.5,788.0416666666666,720.1288819875776
243,8.0987237394958,899.5,432.5,814.79296875,727.2945963541666
244,8.132051820728291,914.147147147147,435.84384384384384,848.5700934579439,733.757398753894
245,8.165379901960785,930.147147147147,437.84384384384384,885.6386666666667,740.4573333333333
246,8.198707983193279,946.5,438.5,926.7364600781685,743.2350642099385
247,8.23203606442577,962.5,438.5,968.7455072463767,743.9797101449275
248,8.265364145658264,,,1009.314435695538,740.8257217847769
249,8.298692226890756,,,1046.4937903626428,736.2096373571783
250,8.33202030812325,1008.5,434.5,1079.6261717285338,729.9565054368203
251,8.365348389355743,1018.5,432.5,1105.1444149720012,723.4677276746243
252,8.398676470588235,,,1122.694984401248,717.8728101751859
253,8.432004551820729,,,1133.63429672447,714.726204238921
254,8.465332633053222,,,1134.3808671439936,713.86276849642
255,8.498660714285714,1029.0,435.0,1127.123425154815,716.1405082212257
256,8.531988795518208,,,1112.3219782992683,720.8536462276053
257,8.565316876750702,,,1090.3480392156862,726.5294117647059
258,8.598644957983193,,,1061.8362637362638,733.0164835164835
259,8.631973039215687,,,1028.398003992016,738.5205588822355
260,8.665301120448179,,,992.2796684118673,742.458115183246
261,8.698629201680673,,,953.6432255039849,743.9723394280355
262,8.731957282913166,,,915.0669308674592,744.0070453544693
263,8.765285364145658,,,879.8154691794267,740.4797801334903
264,8.798613445378152,,,848.0100276625172,735.5643153526971
265,8.831941526610645,,,821.1788816503799,730.3615635179153
266,8.865269607843137,,,801.4507110147023,725.3292359604724
267,8.89859768907563,,,789.4133409350057,721.723679209426
268,8.931925770308125,873.0,427.5,785.9427645788337,720.389848812095
269,8.965253851540616,876.5,431.0,790.1822447447447,721.4346846846847
270,8.99858193277311,891.9024199843872,432.6143637782982,802.862328463922,724.7760070827799
271,9.031910014005602,898.3581081081081,434.4204204204204,821.7006907137376,729.1069327193655
272,9.065238095238096,914.3211567732114,436.1202435312024,845.7747046960529,734.270815326995
273,9.09856617647059,928.5,438.1168091168091,875.3647731332618,738.8481600571632
274,9.131894257703081,942.346405228758,438.82614379084964,908.1143076332949,742.2320675105485
275,9.165222338935575,958.2542635658914,439.1798449612403,942.4685809404909,743.5326674989595
276,9.198550420168068,972.1641285956006,439.9475465313028,977.3650995340956,743.3909360440491
277,9.23187850140056,986.0122324159021,438.91131498470946,1010.7797164667394,741.0897855325335
278,9.265206582633054,998.0122324159021,436.91131498470946,1039.8341776426882,737.5200945626477
279,9.298534663865548,,,1065.7321222606688,732.5397923875432
280,9.33186274509804,1012.5442176870748,436.4557823129251,1085.5728201473032,728.8641007365169
281,9.365190826330533,,,1098.7290771434416,725.2396153059136
282,9.398518907563025,,,1104.6681222707423,723.5589519650655
283,9.431846988795519,,,1103.464367816092,723.687356321839
284,9.465175070028012,,,1094.6801195814649,726.1302583813795
285,9.498503151260504,,,1079.1684769490705,729.2855418778662
286,9.531831232492998,,,1058.5277777777778,733.8673747276688
287,9.565159313725491,,,1033.362394652717,738.2426620168555
288,9.598487394957983,,,1004.052931323283,741.9983249581239
289,9.631815476190477,,,973.1131561008862,744.068166325835
290,9.66514355742297,,,941.7655601659751,745.0141770401106
291,9.698471638655462,,,910.8227023319615,743.7534293552811
292,9.731799719887956,,,882.15,741.2944444444445
293,9.765127801120448,,,858.0137022397892,737.9741765480895
294,9.798455882352942,,,838.6669080376539,734.1414433985035
295,9.831783963585435,,,824.801500405515,731.3029197080292
296,9.865112044817927,,,817.8781906906906,729.3040540540541
297,9.89844012605042,,,817.8230985915493,729.0413145539906
298,9.931768207282914,,,824.4709245022668,730.629607727183
299,9.965096288515406,,,836.9550511793501,733.099243435692
300,9.9984243697479,915.46735395189,439.53264604810994,854.387573964497,736.2707100591716
301,10.031752450980393,925.3991769547324,440.90534979423865,876.6736343366778,739.7472129319955
302,10.065080532212885,936.5,442.5,901.1360830527495,741.8448372615039
303,10.098408613445379,948.5,442.5,928.4149338374291,743.4111531190927
304,10.13173669467787,,,956.5,743.6005586592179
305,10.165064775910365,,,983.7187301587301,743.0482539682539
306,10.198392857142858,,,1009.2799005902453,741.2239826032928
307,10.23172093837535,,,1032.0127565169162,738.5232945091515
308,10.265049019607844,,,1050.544642857143,736.2797619047619
309,10.298377100840337,,,1064.4617346938776,733.5204081632653
310,10.33170518207283,,,1072.7545454545455,731.5920454545454
311,10.365033263305323,,,1074.5975586854458,731.309483568075
312,10.398361344537816,,,1070.6745843230403,732.5209817893902
313,10.431689425770308,,,1060.9271495129183,734.3674290554849
314,10.465017507002802,,,1046.7366197183098,736.825117370892
315,10.498345588235294,,,1028.3904402515723,739.3172327044025
316,10.531673669467787,,,1006.6912133891213,742.1994421199441
317,10.565001750700281,,,983.0878531073445,744.142372881356
318,10.598329831932773,,,958.4022671568628,744.6709558823529
319,10.631657913165267,,,933.3745350500715,744.9679542203147
320,10.66498599439776,,,910.1060354374307,743.6212624584717
321,10.698314075630252,,,889.4279243272049,741.8036237676525
322,10.731642156862746,,,871.464948932219,740.0392293407613
323,10.76497023809524,,,858.5155305399207,737.8503231186157
324,10.798298319327731,,,850.7005388760584,736.4018475750578
325,10.831626400560225,,,847.7799662352279,735.5923841680734
326,10.864954481792717,,,850.5982810164425,736.4394618834081
327,10.89828256302521,,,858.2626746506985,737.4676646706587
328,10.931610644257704,,,870.5523560209424,739.2421465968587
329,10.964938725490196,,,885.6680682083625,740.7853305302498
330,10.99826680672269,,,903.7955814518086,742.4959941733431
331,11.031594887955183,,,924.2246209200719,743.6692367000771
332,11.064922969187675,,,945.2666666666667,744.460188933873
333,11.098251050420169,,,966.4565456545654,743.818206820682
334,11.131579131652662,,,987.0167628469359,743.1272327562516
335,11.164907212885154,,,1004.5119225037258,741.3792846497764
336,11.198235294117648,988.0,440.0,1020.7755775577557,740.532531824611
337,11.23156337535014,,,1033.2021786492373,738.5013071895424
338,11.264891456582633,,,1041.1116113299568,737.9129619208403
339,11.298219537815127,,,1044.691902071563,737.1721280602636
340,11.331547619047619,,,1043.3873873873872,737.2928886333141
341,11.364875700280113,,,1037.7308598351,738.3103651354535
342,11.398203781512606,,,1028.3468244084681,739.6494396014944
343,11.431531862745098,,,1015.6664464993395,741.3401585204756
344,11.464859943977592,,,1000.4085869308799,742.8487850908233
345,11.498188025210085,,,983.454659633258,743.4699824164783
346,11.531516106442577,,,965.3083014048531,744.3902937420178
347,11.564844187675071,,,947.2454937801472,744.4503681137344
348,11.598172268907563,,,929.2155130093273,744.8384879725086
349,11.631500350140056,,,912.5724898154804,744.1411454589024
350,11.66482843137255,,,898.6991497710923,742.9662088511009
351,11.698156512605042,,,887.6792569659443,741.8864809081526
352,11.731484593837536,,,880.006528189911,741.0975272007912
353,11.76481267507003,,,876.5603697284806,739.9634122857692
354,11.798140756302521,,,876.7343131712832,740.455247785943
355,11.831468837535015,,,881.7179786200194,741.4042759961127
356,11.864796918767508,,,889.6087934560327,741.9490797546013
357,11.898125,,,899.5894282632146,742.3533980582524
358,11.931453081232494,,,912.7831758884389,743.7361673414305
359,11.964781162464986,,,926.4734334048129,744.2318322611388
360,11.99810924369748,952.4632768361581,443.04519774011294,942.0163599182005,744.760736196319
361,12.031437324929973,960.5,443.0,957.3383908045976,744.6377011494252
362,12.064765406162465,968.0,443.0,972.2212845757149,743.9835911861227
363,12.098093487394959,,,985.7455418381344,743.2133058984911
364,12.131421568627452,,,997.3220526432204,742.5538597655385
365,12.164749649859944,,,1006.8654568210263,742.64497288277
366,12.198077731092438,,,1013.3792228080453,741.2081624682679
367,12.231405812324931,,,1016.8981535471331,741.1724003887268
368,12.264733893557423,,,1016.8981535471331,741.1724003887268
369,12.298061974789917,984.0,442.0,1013.7313003452244,741.1789413118527
370,12.331390056022409,982.5,442.0,1007.0757852077,741.9450861195542
371,12.364718137254902,978.0,442.5,998.6370558375635,742.4517766497462
372,12.398046218487396,972.5,442.5,988.6037851037851,743.419413919414
373,12.431374299719888,966.5442176870748,442.54421768707476,976.7237545435107,744.085097284584
374,12.464702380952382,960.5,442.5,964.0593182824258,744.9101372288623
375,12.498030462184875,954.5,442.5,951.4597315436241,745.0006711409396
376,12.531358543417367,948.5,442.5,938.9755991285402,744.7507625272331
377,12.56468662464986,942.5,442.5,927.11516357206,744.4071618037135
378,12.598014705882354,938.5,442.5,917.5530158730159,744.3580952380952
379,12.631342787114846,934.5,442.5,909.2007667473769,743.5338983050848
380,12.66467086834734,,,904.0502179268524,743.1963236687511
381,12.697998949579832,931.2958801498127,443.36704119850185,901.454665909521,742.9138746924095
382,12.731327030812325,931.5,442.5,901.6425475786696,742.9380064066327
383,12.764655112044819,,,904.3723404255319,743.3250591016548
384,12.797983193277311,,,909.7072787914459,743.6448891504806
385,12.831311274509805,,,916.9205864386072,744.2732641009977
386,12.864639355742298,,,925.4885844748858,744.0095475300955
387,12.89796743697479,,,935.0542040119504,744.4795134443021
388,12.931295518207284,,,945.3803641092328,744.5598179453837
389,12.964623599439777,,,956.0219184027777,744.5716145833334
390,12.99795168067227,968.5,440.5,965.9386715566421,744.3386308068459
391,13.031279761904763,970.2335600907028,442.18594104308386,975.6912065439672,743.9799591002045
392,13.064607843137255,973.9780701754386,442.17763157894734,983.4667073915699,743.6283852575849
393,13.097935924369748,976.3913043478261,441.9347826086956,989.2374100719425,743.1882494004797
394,13.131264005602242,976.2385057471264,441.735632183908,993.5108457711442,742.964975124378
395,13.164592086834734,979.2765957446809,442.28723404255317,995.7200684150513,742.9844165716456
396,13.197920168067228,978.4186046511628,442.45348837209303,995.3903783989351,742.9796539266019
397,13.231248249299721,975.1169590643275,442.6081871345029,992.8287869994197,743.2921261365834
398,13.264576330532213,974.6283524904213,442.5708812260536,988.3957455348184,743.4336744932771
399,13.297904411764707,,,982.5850546780073,743.6044957472661
400,13.3312324929972,978.0,440.5,975.2874007297703,744.5853187379266
401,13.364560574229692,,,967.693624304664,744.6563970902866
402,13.397888655462186,,,958.9244415243102,744.5210249671485
403,13.431216736694678,,,950.5351270553064,744.6993380311765
404,13.464544817927171,,,942.58625,744.49
405,13.497872899159665,948.3435897435896,441.6717948717948,935.2469586374696,744.8185320356853
406,13.531200980392157,,,928.8211332930026,744.7787860455736
407,13.56452906162465,943.0,442.5,924.0676798378926,743.9815602836878
408,13.597857142857144,,,920.8342530145104,743.9587165338237
409,13.631185224089636,,,919.9076420890937,743.7004608294931
410,13.66451330532213,,,920.79555044112,743.9662447257383
411,13.697841386554623,,,923.093183609141,744.2517730496454
412,13.731169467787115,942.5442176870748,442.54421768707476,926.4832935560859,744.0300318217979
413,13.764497549019609,944.5442176870748,442.54421768707476,931.3110429447853,744.3282208588957
414,13.7978256302521,,,936.8409422555764,744.5782780904731
415,13.831153711484594,950.4557823129251,442.54421768707476,942.8409422555764,744.5782780904731
416,13.864481792717088,953.0,443.0,949.6773530620632,744.6752979860254
417,13.89780987394958,956.5367231638418,443.04519774011294,955.7873885086082,744.666251814976
418,13.931137955182074,959.0,443.0,961.8732628085459,744.5405517527483
419,13.964466036414567,,,967.3057388522294,744.9456108778244
420,13.997794117647059,,,971.9532622920171,744.3075341185267
421,14.031122198879553,,,975.2315449010654,744.3070776255707
422,14.064450280112046,,,977.290177699668,743.8574497168521
423,14.097778361344538,,,977.9259482239614,743.8191852297812
424,14.131106442577032,,,977.2330729166666,744.2142857142857
425,14.164434523809524,,,975.3561463046756,744.4038461538462
426,14.197762605042017,,,972.7342419080068,744.6517130418322
427,14.231090686274511,,,969.0373613543491,744.856781474995
428,14.264418767507003,,,964.7117954677514,744.8446639550648
429,14.297746848739497,,,960.5349253731343,745.0187064676617
430,14.33107492997199,,,955.8388820386353,744.9757501027538
431,14.364403011204482,,,951.4099180163967,745.1615676864627
432,14.397731092436976,,,947.3909730363423,744.9595545134819
433,14.43105917366947,,,943.9813365442504,745.1904475215733
434,14.464387254901961,,,940.7301113762927,744.8029037390612
435,14.497715336134455,,,938.5785837651123,744.7042794089426
436,14.531043417366947,,,937.3847926267281,744.516129032258
437,14.56437149859944,,,937.3847926267281,744.516129032258
438,14.597699579831934,,,938.1315686274509,744.7609803921567
439,14.631027661064426,,,939.5712669683257,744.8802790346907
440,14.66435574229692,,,941.6769406392694,744.7764459665144
441,14.697683823529413,950.4557823129251,440.54421768707476,944.1282352941176,744.8609803921568
442,14.731011904761905,952.0,443.0,947.315039476218,745.055074138263
443,14.764339985994399,,,949.7321671525752,744.731195335277
444,14.797668067226892,,,952.433156133097,744.7341996455996
445,14.830996148459384,957.0,444.0,954.8284255987435,744.8425598743619
446,14.864324229691878,958.5,443.0,956.9925795743019,745.016012497559
447,14.89765231092437,,,958.7456862745097,744.6892156862745
448,14.930980392156863,,,960.5443532629932,744.7026182102383
449,14.964308473389357,,,961.3989166183013,744.9856838846972
450,14.997636554621849,,,961.3894603862118,744.7031221801118
451,15.030964635854343,,,961.3469870744584,744.7136355361368
452,15.064292717086836,,,960.3608893956671,744.7565564424174
453,15.097620798319328,,,959.3169491525424,744.9124293785311
454,15.130948879551822,,,957.9264394377045,744.9661082226073
455,15.164276960784315,,,956.5949115483999,744.9703836215464
456,15.197605042016807,,,955.6055329851034,744.9763977558522
457,15.2309331232493,,,954.2823529411764,744.8174509803921
458,15.264261204481793,,,953.1246580695583,744.7975771785852
459,15.297589285714286,,,952.0889400038335,744.9639639639639
460,15.33091736694678,,,951.6196556393886,744.9763977558522
461,15.364245448179272,,,951.0860889395667,745.3141391106043
462,15.397573529411765,,,951.0860889395667,745.3141391106043
463,15.43090161064426,,,951.0860889395667,745.3141391106043
464,15.464229691876751,,,951.3323831242874,745.3141391106043
465,15.497557773109245,,,952.4831838565023,745.1063153961135
466,15.530885854341738,,,952.9228430254656,745.1178259217027
467,15.56421393557423,,,953.1103474608628,744.9774723176785
468,15.597542016806724,,,953.4048845640144,745.0053424918908
469,15.630870098039216,,,953.6479768786127,745.0479768786128
470,15.66419817927171,,,953.6479768786127,745.0479768786128
471,15.697526260504203,,,953.6479768786127,745.0479768786128
472,15.730854341736695,,,953.6624448282479,744.9011706006524
473,15.764182422969188,,,953.3095376281678,744.8684465080286
474,15.797510504201682,,,953.2081624682679,744.816832649873
475,15.830838585434174,,,954.4415011037527,744.5701384708008
