time_s,phi1,phi2,w1,w2,p1,p2,E
0.0,1.0038086192568523,-1.5830415673987275,-1.2450905171879485,-0.26915785471240683,-0.009339077814086806,0.001649292615099447,0.4204904778736085
0.033328100025779836,0.9808640989859854,-1.5853843404892733,-0.1738885118462627,0.11295765125315582,-0.0015333840398558047,0.000374556053603236,0.4039315274768548
0.06665620005155967,0.9894122028797555,-1.576552859247133,0.6447636383310953,0.4014026827345502,0.004441662193829515,-0.0005840028784463238,0.4081209374172027
0.09998430007733952,1.0210359241037499,-1.559668982615377,1.2108659333441258,0.5961772397317763,0.008571974499847842,-0.001268779576449317,0.42519989967509325
0.13331240010311934,1.0673182558235554,-1.5378545695370756,1.5244183731928287,0.6972813222448343,0.01085714770127677,-0.0016847572632912688,0.4489096207813347
0.1666405001288992,1.119842191204763,-1.5142314789553035,1.5854209578772043,0.7047149302737332,0.011305067944172499,-0.0018135547251062025,0.47408798088323056
0.19996860015467904,1.160040447926781,-1.4968385895025476,1.2407956655158676,0.6036870582581684,0.008753416702768236,-0.0013925246458707152,0.4901445645471544
0.23329670018045887,1.2082290011796215,-1.4799299363953369,0.9471911312798662,0.6097564578010073,0.006428341247797595,-0.000941144186019362,0.5121577176868851
0.2666248002062387,1.2147399655385525,-1.5210662322746027,-0.22828749759407296,-1.2160889994472028,0.00023176412628492064,-0.000813773883606332,0.5191401958566053
0.29995290023201854,1.2031972859969708,-1.4790489112017204,-0.9111950791680468,0.23502638424608513,-0.007518156842376487,0.0017070687631265005,0.5101057738709901
0.3332810002577984,1.163568420519746,-1.4378446696101448,-0.8023674585430545,1.7531137125260776,-0.009002913545319943,0.0029637631898241663,0.4852063897394146
0.36660910028357824,1.1321896571388008,-1.3888028291873695,-0.9665716478240634,2.34529377344262,-0.011020309312016299,0.003722226762673527,0.46498564165921247
0.3999372003093581,1.1491928128003137,-1.2811646150065168,0.2539505175993195,3.6525860481712398,-0.003013095898017839,0.0032353249383970106,0.4556451854232452
0.4332653003351379,1.1711068013568182,-1.1951937099600398,1.200236490083452,3.3392729596277952,0.005089802372671935,0.0017260566028336885,0.4568556299589691
0.46659340036091773,1.2402997479197566,-1.1412847982276193,2.7047346515328083,1.8233141149057677,0.018796781889575315,-0.0017555219215096528,0.5064126890765157
0.4999215003866976,1.3656098138813153,-1.0971266023427497,4.313237427409143,0.4264638162808583,0.03318520357178964,-0.00565037199315264,0.6194286571305492
0.5332496004124774,1.5941465261484677,-1.0472431530638169,6.289676650709661,0.03996099000814646,0.049203134814002646,-0.009938258233142183,0.8328552344403521
0.5665777004382573,1.6022383700135974,-0.9324376520621966,0.5258749242749403,2.332867684102693,0.0006549418068302064,0.0015075981540483992,0.6718803387840018
0.5999058004640371,1.387594119512657,-0.826626884364946,-7.360503461291865,6.2040914631745006,-0.06438301565287492,0.014069093390005309,0.812092429659752
0.633233900489817,1.0358069459406092,-0.6398760771211267,-14.549226499163876,5.7970542864857135,-0.11506010126982236,0.008440487484994446,1.1806564338452314
0.6665620005155968,0.5813600233733842,-0.5354887103807375,-18.11254719543681,4.203808414602092,-0.13854152712762713,-0.01023492747468855,1.350259391273156
0.6998901005413766,0.09129312819230812,-0.49805569207367917,-17.001316810488362,1.144230362833968,-0.1314503438719579,-0.02442769288389411,1.122621265727951
0.7332182005671565,-0.3408923155807353,-0.4967589471182005,-12.735686716842508,-3.685552213821719,-0.10633959182565283,-0.026359996650303415,0.7766226619966873
0.7665463005929363,-0.7033510911241362,-0.6167215460579061,-5.449474816474603,-6.580434249774326,-0.05453683124139372,-0.01626992425509212,0.3688203901344783
0.7998744006187162,-0.8903031469814734,-0.8144932909022683,0.8639641664045432,-7.038528819722247,-0.0059203869496008525,-0.005347262414569234,0.2802832701531237
0.833202500644496,-0.8798573265992296,-1.0278629933255155,3.4844241113830927,-5.366522279655964,0.017697646171884233,0.0009658439292423368,0.31076243208033993
0.8665306006702758,-0.6973777839204311,-1.2072452478120004,1.2566302547225852,-2.7204953704893473,0.00555049537830449,-0.0006859527322037907,0.23208241849662775
0.8998587006960557,-0.6401871335369007,-1.261117644636942,1.8796917175164407,-0.7182006519255746,0.01366746154209787,0.002059276107065163,0.22563801479515644
0.9331868007218355,-0.5784957150891326,-1.243491341852876,2.241061913467193,1.357486034777452,0.019485212367711127,0.0045197963176789695,0.21510417238205767
0.9665149007476154,-0.5157067902149888,-1.113125253971144,2.115784717711083,4.624565315050068,0.02348500035835437,0.007699020501650951,0.19684823366444598
0.9998430007733952,-0.4604114386238164,-0.9088792981290904,1.579016162657087,7.3241799282922795,0.024299661929753132,0.009757149046443765,0.16992281316117397
1.033171100799175,-0.4181321562367391,-0.6703053476605314,0.7836029259893241,8.514409901831781,0.02104347580839931,0.009724264283549196,0.13070599188332724
1.0664992008249548,-0.39589431940684494,-0.4303259955402464,0.07627244884195239,7.830083428588947,0.014744317699730464,0.007818959305920732,0.08978123331703831
1.0998273008507347,-0.39283809965805555,-0.2218114690049267,-0.32523565047161984,5.626154592874672,0.007475062482741329,0.004939760222651355,0.0614225505457522
1.1331554008765146,-0.40390060380617676,-0.0718302255224295,-0.33138201050898175,2.7692883654165037,0.002137148753591936,0.0021502698921773734,0.050908024349576544
1.1664835009022942,-0.41783329739857256,0.0071631763373554876,-0.13349472752409985,0.21761491056892424,-0.0006872450899601172,-6.387794149048963e-06,0.05129368816984459
1.1998116009280742,-0.42228183669312397,0.012569531525591746,-0.13320418446873206,-1.056089878747168,-0.002774898492139067,-0.0012543990778209,0.05318367767696984
1.233139700953854,-0.42672068316794315,-0.020978921824298082,-0.13322442421188463,-1.256983128117976,-0.003131422778456037,-0.0014543650753716566,0.05456752627295716
1.266467800979634,-0.43115822966137085,-0.07401749662458904,-0.13339970918032862,-0.4969286609050718,-0.001886573985622545,-0.0007134206848200727,0.05519350350836219
1.2997959010054136,-0.43560418851234284,-0.09057918474091009,-0.13339970918032829,-0.4969286609050716,-0.001890317191104214,-0.0007144255423820161,0.056493304804013544
1.3331240010311936,-0.44005014736331477,-0.10714087285723112,-0.1333997091803285,-0.49692866090507165,-0.001893936299889621,-0.0007153970863830925,0.05784131740398092
1.3664521010569735,-0.4444961062142867,-0.12370256097355217,-0.13339970918032817,-0.49692866090507165,-0.0018974307807330354,-0.0007163351742112301,0.059237457406146846
1.3997802010827531,-0.4489420650652587,-0.1402642490898732,-0.1333997091803284,-0.49692866090507143,-0.0019008001206827676,-0.0007172396681653627,0.060681630416977723
1.433108301108533,-0.45338802391623056,-0.15682593720619425,-0.13339970918032817,-0.4969286609050719,-0.0019040438251564321,-0.0007181104354756358,0.062173731571703555
1.466436401134313,-0.45783398276720255,-0.17338762532251528,-0.1333997091803284,-0.4969286609050715,-0.0019071614180135733,-0.0007189473483228998,0.06371364555731626
1.4997645011600926,-0.46227994161817454,-0.18994931343883634,-0.1333997091803285,-0.49692866090507154,-0.0019101524416255391,-0.0007197502838574714,0.06530124663838083
1.5330926011858725,-0.4667259004691464,-0.20651100155515736,-0.13339970918032873,-0.49692866090507126,-0.001913016456942666,-0.0007205191242171656,0.066936398685652
1.5664207012116524,-0.4711809880625555,-0.2006060947113631,-0.13358992117757162,-0.028801103571546804,-0.0010965714734622056,-0.00026097139893282577,0.06774203999459881
1.5997488012374323,-0.47563482266814555,-0.20229266648186028,-0.13361517040499327,-0.06058730179384253,-0.0011520604468095272,-0.0002920174552020691,0.06900680237106528
1.633076901263212,-0.4800782809800237,-0.23894875250026934,-0.1333037301164549,-1.0489711549217244,-0.0028856304621690055,-0.0012630349706725156,0.07209570817994779
1.666405001288992,-0.4770859456998765,-0.32747092837332337,0.02192636347309873,-2.8612926949210746,-0.004943128469431159,-0.002767675117749397,0.07772506152443535
1.6997331013147718,-0.47746451396023104,-0.45664582243065155,-0.006145666798972993,-4.607147149858107,-0.008375161902282047,-0.004530626976793861,0.09116634365463228
1.7330612013405515,-0.48715548739837905,-0.6089048215135283,-0.2904863693876252,-5.542687059973707,-0.012221287232464196,-0.005958520887671669,0.1122913337587605
1.7663893013663314,-0.5109700999445169,-0.7602690708677309,-0.8050061744074157,-5.164327855132295,-0.015353030976561492,-0.006476407790491025,0.13684121873492516
1.7997174013921113,-0.5501926583852925,-0.8850640279386868,-1.4032362393082982,-3.3927008451697382,-0.016784088906691044,-0.0057240390746121994,0.15981333555067015
1.833045501417891,-0.603684833311432,-0.9563838891284918,-1.9050179204056576,-0.5868441966880047,-0.01591744594307929,-0.0038075916480672743,0.17978769464644487
1.866373601443671,-0.6653668549427284,-0.9508641219989895,-2.08699267966528,2.3648012734140034,-0.01224519081370341,-0.0013003355413603152,0.19590738161889024
1.8997017014694508,-0.7244739970639305,-0.8507110874129473,-1.7644658904833255,4.0872184789343455,-0.006490815649444243,0.0008450499335790557,0.2038741087790508
1.9330298014952307,-0.7683909174469119,-0.6999615068061065,-0.9169163607551196,4.934849930970203,0.0017182408996628488,0.003187261614615081,0.2067664371601727
1.9663579015210104,-0.7773003999057102,-0.5314777671661155,0.41061256713087113,5.084325504108687,0.012131449966498682,0.005707613837202732,0.20703374509117145
1.9996860015467903,-0.7413557514689668,-0.3672889004789195,1.6598248094803574,4.899384143582937,0.021245929056643402,0.007599341774404453,0.20174782290856877
2.03301410157257,-0.6700165336811962,-0.21159253374841222,2.8236840578193494,4.397344683473285,0.029246451447792234,0.008891328027037532,0.19268277826524877
2.06634220159835,-0.5645291762001218,-0.07241574015562781,3.7557303073412793,3.789645239211274,0.03545631493045906,0.009701514809727904,0.17774834412105264
2.09967030162413,-0.4298317429121649,0.049562666616189674,4.44656143868403,3.2530688944385364,0.04004754181366882,0.010323569005465445,0.16018163480437478
2.1329984016499095,-0.271840450673944,0.15475153335323166,4.922478742978858,2.857992530955827,0.04326103859049595,0.010905012319337205,0.1455757056285052
2.1663265016756896,-0.08986866351771242,0.23703104556764015,5.438788100928415,2.3466501100849717,0.04661921186867945,0.011613597191693635,0.14665027156619803
2.1996546017014693,0.10217294610255553,0.30229476152855406,5.740097194914231,1.8505503969202746,0.0482403837912237,0.01198523510330988,0.15888215123622768
2.232982701727249,0.284324498954282,0.35950391625625044,5.485964653469896,1.526728645933852,0.04572334823481525,0.011387236531156504,0.1668148590415376
2.266310801753029,0.43924620359215166,0.41476266379135124,4.544683217991342,1.3959270075912702,0.038120943053785654,0.009582819701988926,0.1615138051022922
2.299638901778809,0.5549218054913851,0.4695150430494327,2.839315515826163,1.5127360288380503,0.024964892926733318,0.006598186181452824,0.14469366791548519
2.3329670018045885,0.6141896566743474,0.5263238445959246,0.7665337070175906,1.7143115943986296,0.009091383376490821,0.0030621038127252986,0.13357887598767768
2.3662951018303686,0.6147938826203021,0.5793966809924607,-1.1814733659367993,1.7060660710291735,-0.006172080355628084,-0.00046092000037546406,0.13476116771542127
2.3996232018561483,0.5621857370125696,0.6171006573975216,-2.608991893243655,1.1692691987232182,-0.018325395971561555,-0.0035624115567921577,0.1388568160641627
2.4329513018819284,0.46847555383059236,0.6291735094410611,-3.3341184361651544,-0.02002207503618697,-0.02615160831884064,-0.005969422111765049,0.13415947290547456
2.466279401907708,0.3518527954476621,0.6017275138382353,-3.452041550099843,-1.694149180840981,-0.030007137060272304,-0.007708735464415512,0.11896250022715446
2.499607501933488,0.23383581635146405,0.521092276643976,-3.4471975833547095,-3.288481928051466,-0.032702960713681235,-0.009202447517254353,0.10595557711180473
2.532935601959268,0.11739392152908272,0.3934523021997218,-3.3966997062324387,-4.601010455002728,-0.034608874730871646,-0.010421574375812013,0.09735719123217097
2.5662637019850476,0.003533062728893896,0.22954921722104765,-3.3167611101481107,-5.471022964883784,-0.03561892089899117,-0.011210526293687996,0.09334612616899102
2.5995918020108273,-0.10798220901475261,0.044301183369211586,-3.288418340178434,-5.777342484189237,-0.03608135873531662,-0.011543482039202628,0.09627491699158883
2.6329199020366074,-0.21440815906938304,-0.1493882645642582,-3.169979304792188,-5.7064136183283996,-0.03512448055423006,-0.011316475973791821,0.10313063555795836
2.666248002062387,-0.3152977078227761,-0.3371086661264978,-2.9213482388330125,-5.390604486384418,-0.032625532499937784,-0.01056804992506754,0.11324117654872363
2.699576102088167,-0.4080533849186049,-0.507974169221952,-2.61203040901899,-4.830496465214139,-0.029148864733216727,-0.009437111444400395,0.12712801454704267
2.732904202113947,-0.48454614957907177,-0.6595167480657749,-2.115571245480744,-4.110676625998538,-0.023888939715388923,-0.0077986395245322,0.1386980547183866
2.7662323021397266,-0.5499109143172183,-0.7763140342208776,-1.6639823835186476,-3.062017483480614,-0.01842810605827798,-0.0059351673812669346,0.15162435466085858
2.7995604021655063,-0.596304319405277,-0.857003897474861,-1.122017124354407,-1.8389414568709626,-0.012000784816037323,-0.0037638145902686043,0.1604655047248511
2.8328885021912864,-0.6234948565066429,-0.8951923734009644,-0.544860725092581,-0.46452132938685287,-0.0050768089003233145,-0.0014045555063980169,0.16529145294409173
2.866216602217066,-0.6328710412157468,-0.885490478230534,-0.0195054017846944,1.0427775566667,0.0016725229279500138,0.00098880112383329,0.16632685815807272
2.8995447022428458,-0.6262048183962844,-0.8255760649517975,0.43820539843729267,2.5485920440124525,0.007948521428171488,0.003276615909427382,0.16318936955254004
2.932872802268626,-0.6072919202892942,-0.7159600232314725,0.8558959777700459,3.889877949764329,0.013694828706494922,0.005354059533391782,0.15653696234601014
2.9662009022944056,-0.5726716226537898,-0.5690423879557455,1.2295660804040938,4.953254129100312,0.01858555470670944,0.0070818455343880805,0.14566401094142808
2.9995290023201853,-0.5177598675404154,-0.39932004156530654,1.7716738709548854,5.504241736663621,0.023758266702336786,0.008579955235594456,0.13354888999883494
3.0328571023459654,-0.44792732310804667,-0.21613182579053797,2.315926112043572,5.61251093544889,0.028015433273372574,0.009580533663065941,0.12128919316599512
3.066185202371745,-0.3644465822163555,-0.033253961350771875,2.63615347818719,5.460812303371102,0.02998436850868204,0.00986361325988103,0.10565203617429325
3.099513302397525,-0.2783388343533087,0.14693554300615796,2.8876718321346115,4.995049964650859,0.03084463061994843,0.009655394821745426,0.09305587157525165
3.132841402423305,-0.18568083834592564,0.30442743072015405,2.8759818945393008,4.356193434467187,0.029475436979817065,0.008860513971126235,0.07824488337724068
3.1661695024490846,-0.09251556435488709,0.4394063379815383,2.6996818372037703,3.6871203676188244,0.02689102689166406,0.007823172529756311,0.06632821879989248
3.1994976024748647,-0.0027282478737526736,0.5498650336358082,2.4857282887441428,2.95704709178973,0.024020644086324996,0.006725701881706368,0.06006556184902515
3.2328257025006444,0.08194583399366237,0.6333439056520039,2.3469057782151417,2.112231978961416,0.0216356982876573,0.0056860020971856344,0.06005574073858129
3.266153802526424,0.17348706160554225,0.6775689690562651,2.6347250719930395,0.8645721557363325,0.02200616004215808,0.005018760751016653,0.07047015600698586
3.299481902552204,0.26319735257526483,0.6853632607732987,2.800462553558111,-0.3830232371596882,0.021304156790102797,0.004242468791174834,0.08057505440440456
3.332810002577984,0.3419158595569465,0.6605738493364475,2.3340844663497213,-1.291932561613102,0.01606471036375976,0.00273978478639141,0.08037880138859546
3.3661381026037636,0.39278061170728273,0.6136476459717946,1.3107841357963594,-1.880935781041305,0.0069495007354161,0.00046691935671820217,0.07455883184484426
3.3994662026295437,0.40712101188035155,0.5476510149778103,-0.09906548819768646,-2.2692152893600226,-0.004837832032090723,-0.002403380499507595,0.07175959571579417
3.4327943026553234,0.38169642342800303,0.46578837397694217,-1.5803042551095963,-2.600267731138752,-0.01706256347113429,-0.005397598940952545,0.07801306362897512
3.466122402681103,0.3180227920730322,0.36778301124466717,-2.8052114599306504,-2.843857874270054,-0.027107773003856035,-0.007854768657761111,0.08825336255145436
3.499450502706883,0.2218878869483052,0.2618258979670763,-3.5200687106756963,-3.2017183053497105,-0.03335588207773264,-0.009499348518935679,0.09320350689038473
3.532778602732663,0.102400899241294,0.14690547762858414,-3.6812826661813225,-3.696614391511514,-0.03551133247385131,-0.010274760082875268,0.088955670552187
3.5661067027584425,-0.02491142311722172,0.02027681784543704,-3.4508199440426335,-4.214257763598031,-0.03464077540104474,-0.010366147316149828,0.08182542800096118
3.5994348027842227,-0.13986047931581783,-0.12261619389965903,-3.3556132038324367,-4.334565584763595,-0.034119134029129236,-0.010317517899803024,0.08645486899269253
3.6327629028100024,-0.25342991976950424,-0.2626715552653338,-3.315027970839364,-4.118710536089416,-0.033411856239416775,-0.010033044197911092,0.09978441151443325
3.666091002835782,-0.36154617304618597,-0.39270457250605045,-3.150994762948878,-3.6974002779116812,-0.031362423816213056,-0.009320698029783024,0.11561692424645904
3.699419102861562,-0.4566804028043273,-0.508632255799326,-2.7462869435290256,-3.191470426215674,-0.02727321748585932,-0.008088824256524702,0.12880382720660755
3.732747202887342,-0.5371838608258709,-0.6034247379707707,-2.173607212283275,-2.484274329909958,-0.02150692510663151,-0.006357865795634247,0.13944774805111387
3.766075302913122,-0.5971895423897611,-0.6728555681430235,-1.4549260460309343,-1.6331305189468954,-0.014340252905975953,-0.004224766530524383,0.14694398539156375
3.7994034029389017,-0.6336002573363456,-0.711911404380728,-0.6783089024266412,-0.6927339012704916,-0.006561628914100311,-0.001902050852267425,0.1518935371011127
3.8327315029646813,-0.6464452770444508,-0.7158916233554209,0.04479958844197418,0.3204753409027483,0.0009288722789685678,0.00039517364659085954,0.1540212007379302
3.8660596029904615,-0.6344168337615768,-0.6870753143635324,0.7466791812743675,1.3324940402404142,0.008254228989194253,0.0026551300284219388,0.15194982734594695
3.899387703016241,-0.5979938782826436,-0.6279780244386709,1.3585601918204602,2.301348721393942,0.014800013500138175,0.004712486379399219,0.1450721330841542
3.932715803042021,-0.5427553703618305,-0.5386762242538785,1.8341317449326981,3.175042736600285,0.020106418398676836,0.006430380210931881,0.1337195451348685
3.966043903067801,-0.47123912534550605,-0.4248098169883531,2.380536027279289,3.736517492927569,0.025394164512391737,0.00796435853986328,0.12224850921552996
3.9993720030935807,-0.38739738886172276,-0.2917607686083322,2.73961901181659,4.164511669337135,0.028953438617508674,0.009015370007936228,0.10838454257353816
4.03270010311936,-0.2969154504167062,-0.14328396246921887,2.801458297570878,4.575485613676175,0.030117761619403362,0.009493302771226569,0.09137814581034243
4.06602820314514,-0.2083861757127412,0.016970291899421213,2.6754889421711083,4.814402818879769,0.029440321290630782,0.009437297891680711,0.07500750586833214
4.099356303170921,-0.12381359822323121,0.17341883077418785,2.4037036161390253,4.725397252224799,0.026996029434790392,0.00879040597131863,0.05983627807741833
4.1326844031967,-0.04634562154136601,0.32202346692744105,2.113676304017876,4.3706588911336945,0.023927505938242395,0.007852309366810011,0.05015374332397095
4.16601250322248,0.023034971270683515,0.45548029798479267,1.9311783240801268,3.686950436428093,0.02117847154112213,0.006786633653677264,0.04713455493219881
4.19934060324826,0.08800699016069494,0.5633997170137339,1.8428686680671966,2.7498253639310093,0.01885495546428288,0.005659647389421966,0.048708323187550764
4.232668703274039,0.16190116501993537,0.6288747546985974,2.108727879111629,1.419549591176593,0.01880900612478883,0.004796569916044911,0.05732658082905581
4.265996803299819,0.23393206649717857,0.655337997356203,2.2565167030658992,0.08994200785168993,0.01782348468201788,0.0038106932987339607,0.06498488633406649
4.2993249033256,0.295608695209542,0.6455869026720362,1.8340424252235836,-0.8700616647057192,0.012888351581483529,0.0022610891812705767,0.06434002808647249
4.332653003351379,0.3320760389366484,0.6096256586436225,0.9068097228907528,-1.5255996225234671,0.004450527639071806,8.001550468407287e-05,0.05926437525933888
4.365981103377159,0.33581097193384823,0.5538091805579016,-0.364552923819513,-2.0114648666853236,-0.006405788065718624,-0.0026166498130672493,0.05762027824900701
4.399309203402939,0.3041680682522079,0.4802389669811601,-1.6898935386223377,-2.397281407969196,-0.01750361548881797,-0.005359453039068767,0.06410768647964582
4.432637303428718,0.2386591738706748,0.38981501124626283,-2.7719318899239878,-2.6468972324845192,-0.026442832912392494,-0.007550530068074303,0.073838909169962
4.465965403454498,0.1436957127258301,0.2914793960908759,-3.402485888976011,-2.975580162003939,-0.03197203215621237,-0.00900297184347743,0.07972476827051883
4.499293503480279,0.029214352517558113,0.18509091541483258,-3.4998978609492615,-3.4050614304258664,-0.033495473233194045,-0.009590722220907143,0.07754622127992163
4.532621603506058,-0.0904919252055459,0.06868719486120255,-3.229626443081119,-3.845874512391762,-0.03216209980828629,-0.0095374516770142,0.07303711015779452
4.565949703531838,-0.1990316787732947,-0.05953284683226258,-3.1416836426255093,-3.8700796428751962,-0.03153694182324472,-0.009420852974984002,0.0797721683793224
4.599277803557618,-0.3034269447340468,-0.18462182008782083,-3.0362050343213487,-3.6556057230429557,-0.030344388735947022,-0.009036254563866423,0.09212984121648271
4.632605903583397,-0.3977138405222809,-0.30249323858399635,-2.7400842446629756,-3.3437077472238914,-0.02748024887143648,-0.00821121134127685,0.10411138868377129
4.665934003609177,-0.48034692248793476,-0.40684159367467887,-2.3142651984985028,-2.8854342385454244,-0.023329670887051984,-0.007002998428620533,0.1157291834749664
4.6992621036349576,-0.5468373603631542,-0.4938956880171804,-1.740000495443757,-2.2973451291339404,-0.01777661781322221,-0.005394825736978925,0.12495610000758195
4.732590203660737,-0.5965528440684116,-0.5567790631973726,-1.1492412781695949,-1.526090819140241,-0.011758607718555102,-0.0035730267288906934,0.13313264653743095
4.765918303686517,-0.6251544717179115,-0.5930345638815605,-0.5196675481839852,-0.6805775077456541,-0.005300231142439788,-0.0016066064627681027,0.1380550574604471
4.799246403712297,-0.6324647596061072,-0.6010687722742675,0.10742331354080636,0.18488999302981624,0.0011755185996138785,0.000375478191482606,0.13941121574378804
4.832574503738076,-0.6194096253768527,-0.5801918118860581,0.6510410262007716,1.0805839299183932,0.007051535466283478,0.0022360821122052966,0.1366627458471921
4.865902603763857,-0.5898887019991869,-0.5261851693580465,1.0675895005361737,2.077577186656258,0.012110579947158258,0.0039641416029077775,0.1298451554031485
4.8992307037896365,-0.5486425567880473,-0.4429290979744035,1.4337579028893477,2.8829050387844455,0.016413147793180018,0.005405558817436395,0.12024861827252153
4.932558803815416,-0.4975496580959132,-0.3393622489411757,1.7414695986626783,3.387470191706751,0.019688218540577646,0.00643197216921579,0.10809972832640563
4.965886903841196,-0.4364611378109202,-0.22581541588671905,1.8978942373851835,3.6360510441641996,0.021294031170025332,0.006922078931306718,0.09212343372615248
4.999215003866976,-0.37115860867927575,-0.1071739955709027,1.9955124134452011,3.6194706031316755,0.021947313774775285,0.007033156387918099,0.07597526350702839
5.032543103892755,-0.30269805768780667,0.01022411861406265,2.027591564966058,3.4538177480650356,0.021822579778757296,0.006875614955707835,0.06108593994030776
5.065871203918536,-0.23476343504032648,0.12453392946595784,2.0897190845609073,3.1952417986904695,0.021776121294574846,0.006671039801407914,0.050814932800798504
5.0991993039443155,-0.16507920582819552,0.24079159687835083,2.1078865709272057,3.211668416454785,0.02184528598954374,0.0066516512141710235,0.045769307929963074
5.132527403970095,-0.09456573970084824,0.3523628338417355,2.105016401726382,3.2695529265575596,0.021818582083468027,0.006639050404609038,0.04492566540605522
5.165855503995875,-0.023882541708297417,0.4532901982115054,2.0975699898645757,3.0845380945858802,0.021383457910707573,0.0063942918548870395,0.04634192111061708
5.199183604021655,0.055827803962909706,0.5312926333073723,2.3026366276521752,2.224158301181415,0.02161122006925028,0.0058828463562710775,0.05130246780127991
5.232511704047434,0.13421836672344675,0.5787341241391297,2.3270492286551967,1.0117936582032308,0.019878957718663045,0.004790576688623661,0.05329787904180708
5.265839804073215,0.19991050384495915,0.5937532897302009,1.9527412414960048,-0.26716596614690613,0.014849655818772612,0.0029978269055403114,0.04949109270307401
5.2991679040989945,0.24445256235738316,0.5750076942100611,1.1746529839781172,-1.3908588005953453,0.006822682400345012,0.0006441762432689094,0.04337632863705076
5.332496004124774,0.26216176676534786,0.5206304129391086,0.1303212288067112,-2.259899148342539,-0.0029289550141950995,-0.001989146254515309,0.040624474371866275
5.365824104150554,0.25108234655352024,0.4376230975853804,-0.9452205700880953,-2.7275163685339057,-0.012249114826021909,-0.004354770022259551,0.04336122751410107
5.399152204176334,0.21249831085791418,0.3377835507944063,-1.8094644399375845,-2.8561165901443855,-0.019296222908455105,-0.0060473147780551965,0.047260749593295286
5.432480304202114,0.15093344846589052,0.2377057261892083,-2.2845243054585094,-3.024013827930297,-0.023340755352214856,-0.007080935403119912,0.04800547770502776
5.465808404227894,0.07436975253415679,0.13563374746099113,-2.3372685761190692,-3.1805859611508076,-0.024046730044563747,-0.007337492437837217,0.04267972436099575
5.4991365042536735,-0.006419805157900849,0.03165582639791737,-2.130568760957343,-3.3038440551761323,-0.022656952039763943,-0.007089868292436606,0.035929158216194676
5.532464604279453,-0.07779161741224927,-0.07830932201016857,-2.090935994919875,-3.21335775656555,-0.022187258309101246,-0.006932245822712799,0.036556714408888503
5.565792704305233,-0.14832627008627053,-0.1941590806087448,-2.0965758836228257,-3.272418529937293,-0.022331993780249706,-0.006996399350389785,0.043981622338387746
5.599120804331013,-0.2185604399416305,-0.3074578891661227,-2.100152094456364,-3.3120507347638153,-0.022414222325224633,-0.007030730894698009,0.055797115672632056
5.632448904356793,-0.2878620141207964,-0.41180154140331615,-2.0812841344408133,-3.131675598880939,-0.021920564111026934,-0.006805807709910502,0.06947103641351873
5.665777004382573,-0.36200278739100494,-0.4948691439402023,-2.1515589891908187,-2.3855054012872188,-0.02112750801890849,-0.006195452339165418,0.08521669038912999
5.6991051044083525,-0.43455641306960363,-0.5497978654099152,-2.1089747264654,-1.2895151988064377,-0.01883515819639958,-0.005052316883154681,0.09874203660885951
5.732433204434132,-0.49558753290047663,-0.5746040991616668,-1.758271986460501,-0.1055519780650842,-0.013962623635805332,-0.003272241160684483,0.10619047938880993
5.765761304459912,-0.5388142800708186,-0.5672885441101414,-1.1087512597285847,0.9680981356834031,-0.006935334299679978,-0.001053909755254873,0.10926428955631683
5.7990894044856915,-0.5588952291931493,-0.529412599530155,-0.24109876462664614,1.7488344461950576,0.0012716724310308702,0.0012799012382356024,0.11042169068776055
5.832417504511472,-0.5479896254045248,-0.4681793507540345,0.8005367325057748,2.111201213229964,0.010075032418665903,0.003513654571924232,0.1097567341303973
5.865745604537252,-0.5090392390414666,-0.3892141726236591,1.7187807334290395,2.25505607192207,0.017510541894113642,0.005297106885511195,0.10682594441874482
5.8990737045630315,-0.4477457014676802,-0.3037125702178196,2.321573444641592,2.566018977880342,0.022775525799457977,0.006670708860215871,0.10000564613320662
5.932401804588811,-0.3707192813281054,-0.20707729471867836,2.508956214631096,3.0137168139480695,0.02502787997078763,0.007431507264710589,0.08599760947693066
5.965729904614591,-0.28716726778249213,-0.10279047295030916,2.3779643788145006,3.432123858790057,0.024725851865833395,0.00759287980187889,0.06754659009946418
5.9990580046403705,-0.2089382881956059,0.013900364301279607,2.247124779544674,3.6134549432327385,0.023972450743285523,0.007506646799582866,0.05346502377285523
6.032386104666151,-0.13418533549784964,0.132680099326625,2.135244651119886,3.5589402302716544,0.022931326595687897,0.007214718127259106,0.043883325974764326
6.065714204691931,-0.06161961283088403,0.24511776182539669,2.05615814575597,3.255148920702922,0.0217157228941812,0.00673686925125799,0.03853011298597188
6.0990423047177105,0.013760196499485438,0.3403027267470381,2.203962682860589,2.5867596626196123,0.02169270753955141,0.006311352359660075,0.04000814786137814
6.13237040474349,0.09294817153891098,0.40982164500270685,2.4231515602616436,1.6819966515355165,0.021869688185315813,0.005812502270668702,0.04534056216270278
6.16569850476927,0.16715854694905005,0.45407552028818676,2.214328903003111,0.8970089149628758,0.01889998611219092,0.004719382767643452,0.045275745340119036
6.19902660479505,0.22251227349962532,0.47851714951245183,1.5573964214015739,0.28993374470071676,0.012706021313790724,0.0030081317319028767,0.04045735246923708
6.23235470482083,0.251494283919139,0.4861073406313,0.5476038118416466,-0.13122224557630113,0.004058610687006284,0.0008341144360240275,0.035720831807708735
6.26568280484661,0.2506199122059388,0.4752176054216859,-0.5909959801436956,-0.5526711768086254,-0.005603251564606692,-0.0015837311335312422,0.03593610285418492
6.2990109048723895,0.22007512386990508,0.4437297134451316,-1.604993307387623,-0.9804084472556155,-0.014300026188430615,-0.003791010681624787,0.041014686672776066
6.332339004898169,0.1632233917514741,0.3964239640526154,-2.273576765583446,-1.5300487079721197,-0.020499901574706197,-0.00549987736835496,0.04609050805317505
6.365667104923949,0.08707309843484547,0.33391752317438556,-2.497799064119231,-2.157602781172235,-0.02334735263257194,-0.006495227726323782,0.04601569316036855
6.398995204949729,0.0012881813941114256,0.25653103316421483,-2.379674152268158,-2.7669366041476473,-0.023479821269679745,-0.006876922872341618,0.041950474125226185
6.432323304975509,-0.08014404413087839,0.16120876134423084,-2.2490761584069423,-3.1581630014247204,-0.023160694300366748,-0.007046140312525727,0.040866024108420024
6.465651405001289,-0.15475152264910752,0.052971616707490815,-2.2226792721294673,-3.261103554430279,-0.02317877435683949,-0.007130871679364992,0.04469787488500847
6.4989795050270684,-0.22937788008719678,-0.05527058412783365,-2.2076337439193807,-3.1481169089114696,-0.022897358515774322,-0.007018876013607516,0.052134210010815266
6.532307605052848,-0.3035782824452581,-0.1561713220324501,-2.177365267374303,-2.885282981450403,-0.0222145904554243,-0.0067239712123214074,0.06279608766580941
6.565635705078628,-0.37196823282196195,-0.24741868192753838,-1.996742320419612,-2.604798852979993,-0.020312814277209275,-0.006137016425322142,0.07319440504317037
6.598963805104408,-0.4303268753679066,-0.32910775537719905,-1.6544670652384585,-2.228641484014405,-0.01696763614671301,-0.0051618996536446585,0.08147368609899039
6.632291905130188,-0.47935168598650735,-0.39387175953966336,-1.2714943884609171,-1.6784756905656835,-0.012982791592954995,-0.003936773598331682,0.0892193646127134
6.665620005155968,-0.5156577140655767,-0.43809073242075236,-0.83780835737874,-1.0168095952297396,-0.008395152134537056,-0.002507510752285837,0.0952298187919047
6.698948105181747,-0.5370533559721716,-0.4598510253644624,-0.37272051190825506,-0.3246436129401833,-0.0035046340086544525,-0.0009902682559837686,0.09895312232079514
6.732276205207527,-0.54128252601509,-0.4592827624391106,0.13713008631619428,0.34102732134061103,0.001688568517428541,0.0005816125909793469,0.09961295146704069
6.765604305233308,-0.5278199332858438,-0.43761854518699184,0.629185333436013,0.9926768037111497,0.006715629034986879,0.0021066169568565085,0.09717959591762643
6.798932405259087,-0.4976237337203532,-0.3961805817870243,1.0890548918920344,1.5863832814818284,0.01138360806240236,0.0035148887458248484,0.09187823031229722
6.832260505284867,-0.4430287203240973,-0.34352614126407216,1.7801296620860472,1.8742449451357373,0.0173151227745295,0.005040808062833306,0.085674960847654
6.865588605310647,-0.3765038875747392,-0.2747343424763344,2.2829596716346825,2.158228454451169,0.021763708468710594,0.006222973061262549,0.07843690016340851
6.898916705336426,-0.3062865035719161,-0.18995175999228697,2.302039996188265,2.625578411321894,0.022746145475899746,0.006709152017498389,0.06518412875218316
6.932244805362206,-0.24306145916268185,-0.07412650895038031,1.8363362495573081,3.5335923163457448,0.020680984195100685,0.006738864579222584,0.04878153372570415
6.965572905387987,-0.19703259778480825,0.053850976861352415,1.1211907866190516,4.06379937120573,0.015898761642526685,0.0059499462223407155,0.03272682675323964
6.998901005413766,-0.17029695587821167,0.17492005572806985,0.32807813944835196,3.895643420454413,0.009196879809141887,0.004379658124100326,0.02075390074663877
7.032229105439546,-0.16375324383279688,0.2750124103184507,-0.32007901202254957,3.0056456513319354,0.0024117807098767386,0.0024246482571648412,0.01639258425626396
7.065557205465326,-0.17425595312286477,0.3443719327007966,-0.6830500127823537,1.5962451709502123,-0.0028440429801104175,0.0004934415863173357,0.018457633317824206
7.098885305491105,-0.19704271717083427,0.3776684959302029,-0.691652170458332,0.004161574145417735,-0.005411340527437265,-0.0010454172587432867,0.023083911300206254
7.132213405516885,-0.22295448572208504,0.37194290676760045,-0.4890353496614711,-1.3151500775419005,-0.005799663898652621,-0.002022337150415856,0.026891916118997113
7.165541505542666,-0.23924943785634245,0.32710090496694705,-0.48653921294051417,-1.86356496160306,-0.0066539722833455685,-0.002570356890866374,0.028269961818121664
7.198869605568445,-0.2554607784569285,0.26391075711099266,-0.4866480159711083,-1.8279552327705204,-0.006680690934009252,-0.0025569392159606793,0.028053581574560102
7.232197705594225,-0.27165842150536773,0.19818565552307044,-0.48810806600645995,-1.5004383528169316,-0.006241882593366277,-0.002258686356414212,0.027753662319713997
7.265525805620005,-0.287926135952621,0.1481788960178715,-0.48810806600645984,-1.5004383528169316,-0.006281932471247954,-0.00227171499461179,0.02926464126585338
7.298853905645784,-0.30419385039987423,0.09817213651267251,-0.48810806600645984,-1.500438352816932,-0.006319183908609537,-0.0022838332712556697,0.03126534611122066
7.332182005671564,-0.3204615648471275,0.04816537700747354,-0.48810806600645895,-1.5004383528169316,-0.00635359450529939,-0.0022950273931393707,0.03375711959463564
7.365510105697345,-0.3367292792943807,-0.001841382497725416,-0.4881080660064593,-1.5004383528169314,-0.006385125094653889,-0.0023052846189433995,0.036740411031474844
7.398838205723124,-0.35299699374163385,-0.05184814200292437,-0.4881080660064592,-1.5004383528169312,-0.0064137397880774626,-0.002314593273737598,0.04021477340281255
7.432166305748904,-0.3692647081888871,-0.10185490150812332,-0.4881080660064594,-1.5004383528169307,-0.00643940601589158,-0.002322942762269739,0.04417886259920839
7.465494405774684,-0.3856333893438061,-0.15225669950653564,-0.4902118693783324,-1.5086696137271391,-0.006493235198966558,-0.0023421584969329826,0.048694233207822686
7.498822505800463,-0.40199142638638385,-0.20523301042577607,-0.4905581091278811,-1.5645361621069391,-0.006616307315261515,-0.002404501499455687,0.05387328989214621
7.532150605826244,-0.4182373008755078,-0.2597718623386288,-0.48718579319122024,-1.607762016188133,-0.006686191567776905,-0.0024468846754338624,0.05955095024355131
7.565478705852024,-0.4374355450946381,-0.309534049045982,-0.5454416263266306,-1.4814588490077134,-0.006928713978167506,-0.002431279819931861,0.06631138646986043
7.598806805877803,-0.45487327926058796,-0.3528158354224106,-0.521570284983706,-1.2145392153103294,-0.006269644194347765,-0.002129430349677219,0.07196559194226212
7.632134905903583,-0.4671456744779056,-0.38624845285451925,-0.3698311234464724,-0.8086206540542954,-0.004353905632072322,-0.0014596370821836511,0.07534462136296782
7.665463005929363,-0.47416860376349845,-0.4031411437209186,-0.15813849049651973,-0.21744409070569215,-0.0016307915211681628,-0.0004984711917873498,0.07692252493214706
7.698791105955142,-0.4762627917955782,-0.3980519156550122,0.048226189637982086,0.5243664428332498,0.0013228068160446244,0.0006013100755105381,0.0772268330754843
7.732119205980923,-0.4741539766680034,-0.35557697388319287,0.19562050807485665,1.5770134797182853,0.004363194650078715,0.0018981793170848244,0.07623757240070071
7.765447306006703,-0.468972387920597,-0.28841884838964804,0.25106389003023755,2.3767950042458437,0.006193500683165289,0.0027780851818528757,0.07406964123855896
7.798775406032482,-0.46225317327245913,-0.21035131929223064,0.2112327388484052,2.654604201816289,0.006302122225669716,0.0029739297492095943,0.07015844078013218
7.832103506058262,-0.4556811772220345,-0.13522084731794834,0.10208130446982111,2.4230296559257867,0.0049569598445367,0.0025520918272285875,0.06538075276679166
7.865431606084042,-0.45138218344768355,-0.07147300997490769,-0.005756047199143022,1.7818966336620887,0.002946551007643005,0.001738341095224665,0.06155020495674657
7.898759706109821,-0.451831750078584,-0.023586008830966343,0.009053578807665552,0.8842271522189579,0.0015250745872851608,0.0008822982442731035,0.06021100329504626
7.932087806135602,-0.4518823883149398,0.0015966964672275335,0.03310132996983117,0.10053969514069455,0.0004226658894650266,0.00015242000783022403,0.05980378930414667
7.965415906161382,-0.45077917389245603,0.005057849095960244,0.03310726845280221,-0.32155734692708754,-0.0002626305281744342,-0.0002617010742121255,0.05954181975135598
7.998744006187161,-0.4496757612778615,-0.005704721176767308,0.03310697811518215,-0.34437447875459715,-0.0003028825079608487,-0.0002837758501074367,0.059262396208262035
8.032072106212942,-0.44857231701653977,-0.020450044304492355,0.03310346053012381,-0.12152294213574168,5.943450234419123e-05,-6.476810401257973e-05,0.05896459783819961
8.06540020623872,-0.44746904157279244,-0.024500173075419403,0.03310346053012281,-0.12152294213574168,5.896713087658257e-05,-6.464078967457476e-05,0.05869241500607436
8.098728306264501,-0.446365766129045,-0.02855030184634646,0.03310346053012325,-0.12152294213574166,5.850507966516643e-05,-6.451492460110468e-05,0.05842314045517589
8.13205640629028,-0.4452624906852976,-0.0326004306172735,0.03310346053012381,-0.12152294213574164,5.8048360980864934e-05,-6.439051213483539e-05,0.05815677428939299
8.16538450631606,-0.4441592152415502,-0.036650559388200554,0.03310346053012281,-0.1215229421357417,5.759698695297861e-05,-6.42675555798559e-05,0.05789331657483706
8.198712606341841,-0.4430559397978029,-0.040700688159127606,0.0331034605301227,-0.12152294213574168,5.7150969568900054e-05,-6.414605820158262e-05,0.05763276733984599
8.23204070636762,-0.4419526643540555,-0.04475081693005465,0.03310346053012281,-0.12152294213574161,5.671032067373791e-05,-6.402602322668535e-05,0.057375126574989166
8.2653688063934,-0.4408493889103082,-0.0488009457009817,0.033103460530123696,-0.12152294213574161,5.627505197003648e-05,-6.390745384299404e-05,0.05712039423307287
8.29869690641918,-0.4397461134665608,-0.052851074471908746,0.033103460530123585,-0.12152294213574157,5.584517501743764e-05,-6.379035319941989e-05,0.05686857022914588
8.33202500644496,-0.43864283802281345,-0.056901203242835804,0.0331034605301227,-0.12152294213574169,5.5420701232406974e-05,-6.367472440586497e-05,0.05661965444050674
8.365353106470739,-0.437539562579066,-0.060951332013762856,0.033103460530122475,-0.12152294213574161,5.5001641887925866e-05,-6.356057053314004e-05,0.05637364670671018
8.39868120649652,-0.43643628713531873,-0.06500146078468991,0.03310346053012292,-0.12152294213574164,5.4588008113169126e-05,-6.344789461288876e-05,0.0561305468295754
8.4320093065223,-0.43533301169157135,-0.06905158955561695,0.03310346053012325,-0.12152294213574169,5.4179810893216436e-05,-6.333669963750493e-05,0.05589035457319433
8.465337406548079,-0.4342297362478239,-0.073101718326544,0.033103460530122475,-0.12152294213574158,5.3777061068764625e-05,-6.322698856005241e-05,0.055653069663940596
8.49866550657386,-0.43312646080407663,-0.07715184709747104,0.033103460530122475,-0.12152294213574152,5.337976933586313e-05,-6.311876429418195e-05,0.05541869179047929
8.531993606599638,-0.43202318536032924,-0.0812019758683981,0.03310346053012303,-0.1215229421357415,5.298794624559184e-05,-6.30120297140616e-05,0.05518722060377684
8.565321706625419,-0.43091990991658186,-0.08525210463932514,0.033103460530123474,-0.12152294213574158,5.260160220379347e-05,-6.290678765429789e-05,0.05495865571711235
8.5986498066512,-0.42981663447283447,-0.08930223341025219,0.03310346053012325,-0.12152294213574152,5.222074747080236e-05,-6.280304090985924e-05,0.054732996706088534
8.631977906676978,-0.4287133590290872,-0.09335236218117923,0.033103460530122364,-0.12152294213574152,5.184539216117383e-05,-6.27007922360017e-05,0.05451024310864412
8.665306006702759,-0.4276100835853398,-0.09740249095210629,0.03310346053012225,-0.12152294213574158,5.147554624342391e-05,-6.260004434819362e-05,0.054290394425066196
8.698634106728537,-0.4265068081415924,-0.10145261972303335,0.03310346053012281,-0.12152294213574152,5.111121953974099e-05,-6.250079992204869e-05,0.054073450118003845
8.731962206754318,-0.42540353269784503,-0.10550274849396038,0.03310346053012325,-0.12152294213574158,5.075242172573096e-05,-6.24030615932539e-05,0.05385940961248152
8.765290306780098,-0.4243002572540977,-0.10955287726488744,0.03310346053012225,-0.12152294213574127,5.039916233016303e-05,-6.230683195749835e-05,0.05364827229591397
8.798618406805877,-0.42319698181035026,-0.1136030060358145,0.0331034605301227,-0.12152294213574147,5.005145073475032e-05,-6.221211357039802e-05,0.05344003751812081
8.831946506831658,-0.4220937063666029,-0.11765313480674153,0.033103460530122475,-0.12152294213574144,4.970929617383396e-05,-6.211890894744095e-05,0.053234704591342864
8.865274606857437,-0.4209904309228556,-0.12170326357766859,0.03310346053012292,-0.12152294213574139,4.9372707734199344e-05,-6.202722056390829e-05,0.05303227279025771
8.898602706883217,-0.41988715547910826,-0.12575339234859564,0.03310346053012303,-0.12152294213574158,4.904169435479113e-05,-6.193705085481781e-05,0.05283274135199694
8.931930806908996,-0.4187838800353608,-0.1298035211195227,0.03310346053012314,-0.12152294213574122,4.871626482650651e-05,-6.184840221485163e-05,0.05263610947616373
8.965258906934777,-0.4176806045916135,-0.13385364989044973,0.03310346053012314,-0.12152294213574133,4.8396427791942795e-05,-6.176127699829864e-05,0.052442376324850694
8.998587006960557,-0.41657732914786616,-0.1379037786613768,0.03310346053012303,-0.12152294213574133,4.808219174517824e-05,-6.167567751898763e-05,0.05225154102265863
9.031915106986336,-0.4154740537041188,-0.14195390743230385,0.03310346053012303,-0.1215229421357415,4.7773565031543016e-05,-6.159160605022807e-05,0.05206360265671591
9.065243207012116,-0.4143707782603714,-0.14600403620323088,0.03310346053012281,-0.12152294213574133,4.747055584739435e-05,-6.150906482474942e-05,0.05187856027669829
9.098571307037895,-0.41326750281662405,-0.1500541649741579,0.03310346053012325,-0.12152294213574116,4.717317223990988e-05,-6.14280560346404e-05,0.05169641289484948
9.131899407063676,-0.4121642273728767,-0.15410429374508497,0.0331034605301227,-0.12152294213574144,4.688142210684584e-05,-6.134858183129658e-05,0.051517159486002016
9.165227507089456,-0.4110609519291293,-0.15815442251601203,0.033103460530122586,-0.12152294213574155,4.659531319637348e-05,-6.127064432535234e-05,0.05134079898759923
9.198555607115235,-0.4099576764853819,-0.16220455128693906,0.03310346053012281,-0.12152294213574139,4.631485310683411e-05,-6.11942455866343e-05,0.051167330299717526
9.231883707141016,-0.4088544010416346,-0.16625468005786614,0.03310346053012314,-0.1215229421357415,4.604004928654846e-05,-6.111938764410418e-05,0.050996752285089104
9.265211807166795,-0.4077511255978872,-0.17030480882879317,0.03310346053012292,-0.12152294213574139,4.577090903361904e-05,-6.104607248580361e-05,0.05082906376912556
9.298539907192575,-0.4066478501541398,-0.1743549375997202,0.03310346053012292,-0.12152294213574144,4.550743949574798e-05,-6.097430205880019e-05,0.05066426353994195
9.331868007218354,-0.4055445747103925,-0.17840506637064724,0.03310346053012381,-0.12152294213574144,4.524964767003734e-05,-6.0904078269136755e-05,0.05050235034838166
9.365196107244135,-0.40444137247404965,-0.17900027401134272,0.03310193513637549,-0.04953411639928501,0.0001720026541258674,9.735636676617976e-06,0.050256130234935636
9.398524207269915,-0.4033381510279668,-0.18218176909594685,0.0331019235458232,-0.08398658246702317,0.00011115116816400871,-2.4004783579136387e-05,0.05007667176524651
9.431852307295694,-0.4022348391993532,-0.19115254506848356,0.03310462207212983,-0.25254051034033775,-0.00018710531230250815,-0.00018921877003060103,0.0500658833275576
9.465180407321474,-0.40326119628872803,-0.20425041528727736,-0.011268142476969945,-0.43965169464975923,-0.0008673800522510755,-0.00045125807253309683,0.05074247259887942
9.498508507347253,-0.40377191127907086,-0.2211876246029812,-0.012502825450444788,-0.5938255624898854,-0.0011536106825807211,-0.0006047579755822457,0.05143619099852444
9.531836607373034,-0.4016890575454335,-0.2398307068591351,0.06501534761922889,-0.6390877980786908,-0.0006309858752538914,-0.0005109334544816518,0.051491477457192854
9.565164707398814,-0.3955104741650565,-0.25614133051556187,0.21762608328492472,-0.5009768655761315,0.0008077599536015978,-0.00010183726899861778,0.05058405429358603
9.598492807424593,-0.38571399233928094,-0.2645344998760158,0.3860935213402596,-0.1391054121889268,0.0027746076989982153,0.0005564040762947655,0.04904273472207211
9.631820907450374,-0.3706198014837586,-0.26155162956116806,0.5761656414398482,0.3596160323072324,0.005159311633228291,0.001388182636582273,0.04685545279610263
9.665149007476153,-0.3489992990298161,-0.2440259760328395,0.7757494338049992,0.8602694020927706,0.007623021613541302,0.002238591824858442,0.04390220468578066
9.698477107501933,-0.3197062455269932,-0.21046017578312443,0.9764847680141419,1.1639740291908078,0.009740420780959555,0.0028966066017631934,0.03965865166675214
9.731805207527714,-0.27878980341502496,-0.17203355836870274,1.2429421080461438,1.3161901649644654,0.012101734850233364,0.003525362182615535,0.0348694062131533
9.765133307553493,-0.23359169617771777,-0.1261753395398933,1.3846895677553184,1.4761668475112508,0.013499403237586012,0.0039369125509643174,0.02952241848435272
9.798461407579273,-0.19133974203244652,-0.07057379446008699,1.3734169665834928,1.6528757532939986,0.01372417892554295,0.0040862258708850695,0.02401445336002163
9.831789507605052,-0.15377410373289233,-0.00335966594071041,1.1421230282584276,1.975391564436831,0.012476960194070725,0.00397924366050658,0.018085005120805443
9.865117607630832,-0.12399395451973705,0.06583922586300238,0.7452878463055146,2.163317596902497,0.009678381908772044,0.003445303227389938,0.01220426486251966
9.898445707656611,-0.10437333483769468,0.1303944748043971,0.2979281803657833,2.067154715828066,0.005968149542622559,0.002551659214173389,0.007935053870589067
9.931773807682392,-0.09656219975426061,0.18579686933362585,-0.04042035324336285,1.6447744626479162,0.002539078294993058,0.0015433122925645692,0.006358873843307768
9.965101907708172,-0.09795838194581608,0.2273165339761281,-0.2115612220770483,1.0042591301904835,6.31639892406863e-05,0.0006227516516249191,0.006698347227926111
9.998430007733951,-0.10525319737147217,0.25268479586881537,-0.204027913582107,0.30065008715344343,-0.0010890644716138064,-5.053435367351292e-05,0.007765557211449364
10.031758107759732,-0.11342662809378856,0.2605082211421006,-0.10927041921669653,-0.25414834673768816,-0.0012836078856174184,-0.00043320362275546705,0.008591469384148245
10.06508620778551,-0.11706791691447585,0.251452602970098,-0.10890490216769749,-0.4576275863953843,-0.0016248011903956736,-0.0006325842549687394,0.008633715124926084
10.098414307811291,-0.12069698742586348,0.23553658695927032,-0.10891586302260589,-0.4272449100332812,-0.0015770129327929848,-0.0006036555676474256,0.0083441831421659
10.131742407837072,-0.12432383331145141,0.2194185996732636,-0.10912813896046403,-0.29912982863874743,-0.0013639255776728785,-0.0004791818598044227,0.008039729783152882
10.16507050786285,-0.12796086684235297,0.20944917082369707,-0.10912813896046403,-0.2991298286387476,-0.0013650694161029503,-0.00047959915339133526,0.008020763951796373
10.198398607888631,-0.1315979003732545,0.1994797419741305,-0.10912813896046425,-0.29912982863874793,-0.0013661927928632848,-0.0004800089821796062,0.008022976017647978
10.23172670791441,-0.13523493390415606,0.18951031312456398,-0.10912813896046386,-0.2991298286387474,-0.0013672956629074804,-0.0004804113297354688,0.008046389925236257
10.26505480794019,-0.1388719674350576,0.17954088427499745,-0.10912813896046425,-0.2991298286387478,-0.0013683779820114592,-0.0004808061799251538,0.008091028184764515
10.298382907965971,-0.14250900096595914,0.1695714554254309,-0.1091281389604638,-0.2991298286387477,-0.001369439706775187,-0.0004811935169155211,0.008156911869544427
10.33171100799175,-0.1461460344968607,0.15960202657586436,-0.10912813896046392,-0.2991298286387477,-0.001370480794624473,-0.00048157332517471046,0.008244060613564383
10.36503910801753,-0.14978306802776226,0.14963259772629783,-0.10912813896046375,-0.2991298286387476,-0.0013715012038126278,-0.0004819455894727521,0.008352492609191227
10.39836720804331,-0.15342010155866379,0.13966316887673128,-0.10912813896046397,-0.2991298286387475,-0.0013725008934221703,-0.00048231029488218536,0.008482224605006798
10.43169530806909,-0.15705713508956534,0.12969374002716474,-0.10912813896046397,-0.2991298286387475,-0.0013734798233664457,-0.0004826674267786518,0.00863327190377944
10.465023408094869,-0.16069416862046693,0.11972431117759821,-0.10912813896046386,-0.2991298286387476,-0.0013744379543912488,-0.0004830169708414854,0.008805648360569176
10.498351508120649,-0.16433120215136843,0.10975488232803166,-0.1091281389604637,-0.2991298286387476,-0.0013753752480763909,-0.00048335891305428477,0.008999366380969272
10.53167960814643,-0.16796823568226998,0.09978545347846512,-0.1091281389604638,-0.2991298286387477,-0.0013762916668372456,-0.000483693239705477,0.009214436919482177
10.565007708172208,-0.17160526921317154,0.0898160246288986,-0.1091281389604638,-0.2991298286387476,-0.0013771871739262447,-0.0004840199373888644,0.009450869478030761
10.598335808197989,-0.1752423027440731,0.07984659577933204,-0.10912813896046386,-0.2991298286387474,-0.0013780617334343648,-0.00048433899300416556,0.009708672104605876
10.631663908223768,-0.17887933627497463,0.0698771669297655,-0.10912813896046397,-0.2991298286387475,-0.00137891531029256,-0.00048465039375753893,0.009987851392048414
10.664992008249548,-0.18251636980587616,0.05990773808019897,-0.10912813896046408,-0.2991298286387474,-0.0013797478702731684,-0.000484954127162095,0.010288412476968118
10.698320108275329,-0.1861534033367777,0.04993830923063243,-0.10912813896046403,-0.2991298286387473,-0.0013805593799912867,-0.0004852501810383987,0.010610359038797904
10.731648208301108,-0.18979043686767927,0.039968880381065885,-0.1091281389604637,-0.29912982863874743,-0.0013813498069061069,-0.000485538543514957,0.010953693298984034
10.764976308326888,-0.19342747039858083,0.029999451531499348,-0.10912813896046336,-0.2991298286387474,-0.001382119119322226,-0.0004858192030286953,0.011318416020312767
10.798304408352667,-0.19706450392948235,0.02003002268193281,-0.10912813896046375,-0.2991298286387474,-0.0013828672863909171,-0.000486092148325422,0.011704526506372668
10.831632508378448,-0.2007015374603839,0.010060593832366266,-0.10912813896046386,-0.29912982863874743,-0.001383594278111349,-0.00048635736846027583,0.012112022601153646
10.864960608404228,-0.20433857099128544,9.116498279972681e-05,-0.1091281389604637,-0.2991298286387474,-0.00138430006533181,-0.0004866148527981687,0.012540900688781718
10.898288708430007,-0.207975604522187,-0.00987826386676681,-0.1091281389604637,-0.29912982863874726,-0.0013849846197508742,-0.0004868645910142121,0.012991155693390745
10.931616808455788,-0.21161263805308855,-0.019847692716333354,-0.1091281389604638,-0.2991298286387473,-0.0013856479139185277,-0.0004871065730941295,0.01346278107912973
10.964944908481566,-0.2152496715839901,-0.02981712156589989,-0.10912813896046364,-0.29912982863874715,-0.0013862899212372698,-0.0004873407893346569,0.013955768850306851
10.998273008507347,-0.21888670511489167,-0.03978655041546643,-0.10912813896046353,-0.2991298286387472,-0.001386910615963191,-0.0004875672303439357,0.014470109551669963
11.031601108533126,-0.22252373864579322,-0.04975597926503297,-0.10912813896046347,-0.29912982863874726,-0.0013875099732069923,-0.00048778588704188593,0.015005792268822937
11.064929208558906,-0.22616077217669472,-0.059725408114599504,-0.10912813896046336,-0.29912982863874715,-0.0013880879689349896,-0.0004879967506605711,0.015562804628778501
11.098257308584687,-0.22979780570759628,-0.06969483696416605,-0.10912813896046392,-0.29912982863874715,-0.0013886445799700818,-0.00048819981274455225,0.016141132800647478
11.131585408610466,-0.23343483923849787,-0.07966426581373257,-0.10912813896046364,-0.2991298286387471,-0.0013891797839926576,-0.0004883950651512204,0.01674076149646364
11.164913508636246,-0.2370718727693994,-0.08963369466329912,-0.10912813896046364,-0.29912982863874704,-0.0013896935595415281,-0.0004885825000511325,0.017361673972145292
11.198241608662025,-0.24070890630030095,-0.09960312351286567,-0.10912813896046375,-0.2991298286387473,-0.0013901858860147574,-0.0004887621099283184,0.018003852028592206
11.231569708687806,-0.24434593983120248,-0.10957255236243221,-0.10912813896046414,-0.29912982863874726,-0.0013906567436704985,-0.0004889338875805841,0.018667276012918965
11.264897808713586,-0.24798297336210404,-0.11954198121199874,-0.10912813896046358,-0.29912982863874726,-0.0013911061136277763,-0.000489097826119799,0.019351924819823698
11.298225908739365,-0.25162000689300557,-0.1295114100615653,-0.10912813896046358,-0.29912982863874726,-0.001391533977867273,-0.0004892539189721785,0.020057775893092697
11.331554008765146,-0.2552696941939056,-0.1406475433418667,-0.10939180056343295,-0.323439987621882,-0.0014377369603354186,-0.0005137496308120319,0.020821675283036967
11.364882108790924,-0.2589168608077821,-0.15260334154725366,-0.10941046663724219,-0.3470827645484079,-0.001480918989003713,-0.0005371574173562308,0.021626724112026745
11.398210208816705,-0.2625490486945631,-0.1639090197144375,-0.10896194328274578,-0.3268773496909585,-0.0014415483716264815,-0.0005166846706520741,0.022418165228610544
11.431538308842486,-0.2686206422957555,-0.1699406034116161,-0.15938839856563386,-0.1738229624709145,-0.0015611858168288887,-0.0004572583573277686,0.023506385402868334
11.464866408868264,-0.2740710936235588,-0.17086774893152723,-0.15973475937558296,0.03785394567290051,-0.0011831209056676927,-0.00025009902555736026,0.024323793935805554
11.498194508894045,-0.2764925571208385,-0.1660712446327383,-0.06893465695998813,0.2663459863361498,-6.139015395821443e-05,0.0001374185680401588,0.024535951481825146
11.531522608919824,-0.274140308352321,-0.15564995549381183,0.10875140801831651,0.46266471025055167,0.001682384273938463,0.0006490877507898903,0.024146795091638716
11.564850708945604,-0.26594269993895914,-0.13954773434965906,0.33851778066074184,0.6048524357837776,0.0037363153843813545,0.0012004407654481889,0.02327240767616135
11.598178808971383,-0.2515105841069312,-0.11805426829360124,0.5700046067725508,0.6907219813867516,0.005702387616724702,0.0016988792799965812,0.021909897217483675
11.631506908997164,-0.2287633312164647,-0.09467536151329192,0.8021354020689302,0.6897486478270529,0.007518800263402646,0.0021137181977681834,0.019878731536696483
11.664835009022944,-0.20167248797935672,-0.06953483387082275,0.9010628504078717,0.7361439015868781,0.008377156137824717,0.002336888953148764,0.017038943666098996
11.698163109048723,-0.1742367477680472,-0.04160805511601,0.8208007327075281,0.8672206132830504,0.007983263439251891,0.0023215429639226034,0.013420861881050624
11.731491209074504,-0.1505209449364906,-0.007380081800048871,0.6054615217587893,1.094814260858979,0.006701500923930864,0.0021573536417616437,0.009948585766176037
11.764819309100282,-0.13464549002645987,0.030618532222207243,0.3901774225042719,1.1791168085220267,0.005158799126868419,0.0018524444610467424,0.007554369423579531
11.798147409126063,-0.12455653244392297,0.06601764664054063,0.17320466900085738,1.1049099426239095,0.0033179981172888192,0.001391346148449846,0.0059701891529137215
11.831475509151844,-0.11996814967311555,0.09598709693928892,0.003819544450871709,0.8698513359745145,0.0015659143280784508,0.0008600513707366878,0.005291269389151799
11.864803609177622,-0.11992345862747573,0.11814313814200941,-0.08323636236183019,0.5375885059240364,0.0002924615899857944,0.00038113241965921705,0.005326795538243826
11.898131709203403,-0.12279239020766261,0.13174065530678605,-0.08261463744503153,0.18252655553872318,-0.00032777253103353273,3.451561409328641e-05,0.0056930445530220695
11.931459809229182,-0.12627048464146456,0.13668062755800156,-0.03325148992697438,-0.1050734867113225,-0.0004438794789064685,-0.00016112099972594886,0.0060404089670538525
11.964787909254962,-0.12737872174680828,0.13288125443435078,-0.033270068538097775,-0.21152224597086136,-0.0006301151817655587,-0.0002656193979307796,0.0060764493817731325
11.998116009280741,-0.1284875793571285,0.12549762448225285,-0.03326932963630838,-0.1965146068993347,-0.0006044590545560831,-0.00025099188377636865,0.006026089541252763
12.031444109306522,-0.12959654276993254,0.11796918406754334,-0.033258427909211546,-0.12975535715045708,-0.0004879313812072121,-0.00018557909924817433,0.0059708502227652374
12.064772209332302,-0.13070498298199096,0.11364468454555213,-0.03325842790921174,-0.12975535715045705,-0.00048811506623130805,-0.00018562618073495105,0.005987851532870286
12.098100309358081,-0.13181342319404937,0.10932018502356092,-0.03325842790921149,-0.1297553571504569,-0.0004882963971355094,-0.0001856726588221571,0.006008132797026973
12.131428409383862,-0.13292186340610776,0.10499568550156971,-0.03325842790921188,-0.12975535715045694,-0.0004884753720443143,-0.00018571853302907045,0.006031695145925285
12.16475650940964,-0.13403030361816617,0.1006711859795785,-0.03325842790921185,-0.12975535715045713,-0.000488651989106572,-0.00018576380288121104,0.006058539661570703
12.198084609435421,-0.13513874383022453,0.09634668645758729,-0.0332584279092116,-0.129755357150457,-0.0004888262464955278,-0.00018580846791035131,0.006088667377261959
12.231412709461202,-0.13624718404228292,0.09202218693559608,-0.03325842790921138,-0.12975535715045702,-0.0004889981424088353,-0.00018585252765452052,0.006122079277570158
12.26474080948698,-0.13735562425434136,0.08769768741360487,-0.033258427909211574,-0.1297553571504571,-0.0004891676750685731,-0.00018589598165800808,0.006158776298318127
12.29806890951276,-0.13846406446639975,0.08337318789161366,-0.03325842790921149,-0.12975535715045697,-0.000489334842721254,-0.0001859388294713665,0.006198759326561057
12.33139700953854,-0.13957250467845814,0.07904868836962246,-0.03325842790921149,-0.12975535715045702,-0.000489499643637862,-0.00018598107065142063,0.0062420292005681485
12.36472510956432,-0.14068094489051658,0.07472418884763127,-0.033258427909211685,-0.12975535715045694,-0.0004896620761138565,-0.00018602270476126862,0.006288586709804763
12.3980532095901,-0.14178938510257494,0.07039968932564006,-0.03325842790921174,-0.12975535715045705,-0.000489822138469192,-0.00018606373137028742,0.006338432594915952
12.43138130961588,-0.14289782531463335,0.06607518980364885,-0.033258427909211574,-0.12975535715045697,-0.0004899798290483374,-0.00018610415005413714,0.006391567547710446
12.46470940964166,-0.14400626552669177,0.06175069028165763,-0.033258427909211685,-0.12975535715045702,-0.0004901351462202993,-0.00018614396039476737,0.006447992211145574
12.498037509667439,-0.14511470573875013,0.05742619075966643,-0.03325842790921141,-0.12975535715045694,-0.0004902880883786218,-0.00018618316198041715,0.006507707179313696
12.53136560969322,-0.14622314595080854,0.05310169123767522,-0.03325842790921141,-0.129755357150457,-0.0004904386539414256,-0.00018622175440562483,0.00657071299742853
12.564693709718998,-0.14733158616286696,0.048777191715684017,-0.0332584279092113,-0.12975535715045702,-0.0004905868413514035,-0.000186259737271227,0.0066370101618132985
12.598021809744779,-0.14844002637492534,0.04445269219369281,-0.03325842790921152,-0.12975535715045697,-0.0004907326490758522,-0.00018629711018436652,0.006706599119889292
12.63134990977056,-0.14954846658698373,0.040128192671701604,-0.03325842790921174,-0.12975535715045694,-0.0004908760756066759,-0.00018633387275849382,0.006779480270165302
12.664678009796338,-0.15065690679904215,0.035803693149710394,-0.03325842790921185,-0.12975535715045688,-0.0004910171194604089,-0.0001863700246133723,0.006855653962228186
12.698006109822119,-0.15176534701110056,0.031479193627719185,-0.03325842790921152,-0.12975535715045694,-0.000491155779178228,-0.00018640556537508177,0.00693512049673415
12.731334209847898,-0.15287378722315892,0.027154694105727975,-0.03325842790921141,-0.12975535715045694,-0.0004912920533259769,-0.00018644049467602422,0.007017880125401194
12.764662309873678,-0.15398222743521733,0.02283019458373677,-0.03325842790921152,-0.12975535715045694,-0.0004914259404941684,-0.0001864748121549249,0.007103933051002038
12.797990409899459,-0.15509066764727575,0.018505695061745563,-0.033258427909211574,-0.12975535715045683,-0.0004915574392980012,-0.00018650851745683657,0.007193279427358368
12.831318509925238,-0.15619910785933414,0.014181195539754355,-0.03325842790921163,-0.12975535715045683,-0.0004916865483773803,-0.00018654161023314462,0.007285919359335621
12.864646609951018,-0.15730754807139255,0.009856696017763145,-0.03325842790921185,-0.12975535715045688,-0.0004918132663969279,-0.00018657409014156975,0.00738185290283899
12.897974709976797,-0.15841598828345094,0.00553219649577194,-0.0332584279092113,-0.12975535715045683,-0.0004919375920459882,-0.00018660595684616955,0.007481080064810009
12.931302810002578,-0.15952442849550932,0.0012076969737807352,-0.033258427909211685,-0.12975535715045677,-0.0004920595240386714,-0.0001866372100173489,0.007583600803224411
12.964630910028358,-0.16063286870756777,-0.003116802548210472,-0.03325842790921152,-0.12975535715045686,-0.0004921790611138195,-0.00018666784933185287,0.007689415027090542
12.997959010054137,-0.16174130891962613,-0.007441302070201681,-0.03325842790921141,-0.12975535715045694,-0.0004922962020350621,-0.00018669787447277907,0.007798522596449004
13.031287110079917,-0.16284974913168454,-0.01176580159219289,-0.03325842790921146,-0.12975535715045683,-0.0004924109455908076,-0.00018672728512957664,0.007910923322372634
13.064615210105696,-0.16395818934374295,-0.016090301114184094,-0.03325842790921141,-0.12975535715045672,-0.0004925232905942582,-0.00018675608099805,0.008026616966968193
13.097943310131477,-0.16506662955580134,-0.020414800636175304,-0.03325842790921152,-0.1297553571504568,-0.000492633235883429,-0.00018678426178036334,0.008145603243378211
13.131271410157256,-0.16617506976785973,-0.02473930015816651,-0.033258427909211574,-0.12975535715045688,-0.0004927407803211508,-0.00018681182718504146,0.008267881815784377
13.164599510183036,-0.16728350997991814,-0.02906379968015772,-0.03325842790921174,-0.1297553571504568,-0.0004928459227950889,-0.0001868387769269747,0.008393452299411039
13.197927610208817,-0.16839195019197656,-0.033388299202148926,-0.03325842790921141,-0.12975535715045663,-0.0004929486622177476,-0.00018686511072742013,0.008522314260530484
13.231255710234596,-0.16950039040403492,-0.03771279872414013,-0.03325842790921146,-0.12975535715045677,-0.0004930489975264974,-0.00018689082831400844,0.008654467216468405
13.264583810260376,-0.17060883061609333,-0.04203729824613134,-0.03325842790921141,-0.12975535715045686,-0.0004931469276835631,-0.00018691592942074068,0.008789910635610833
13.297911910286155,-0.17171727082815175,-0.04636179776812255,-0.033258427909211574,-0.12975535715045677,-0.0004932424516760524,-0.0001869404137879958,0.008928643937411364
13.331240010311936,-0.1728252786485326,-0.05253166340699123,-0.03324941833476708,-0.16820652138845163,-0.0005623272636250069,-0.0002246813538709615,0.009091620750893021
13.364568110337716,-0.1739333806818273,-0.058318372467396816,-0.03324894882690593,-0.17060465358280602,-0.0005667974248093172,-0.00022706612516917998,0.009250106092897057
13.397896210363495,-0.17504200100891276,-0.06199227721656576,-0.03326445527939831,-0.10659900426048817,-0.0004520379621797118,-0.00016432330790097606,0.00938259790167721
13.431224310389275,-0.17754645642226227,-0.06123122714540974,-0.06236263046863755,0.043952603778791406,-0.00040956052922465477,-6.886113201078179e-05,0.009632775151105543
13.464552410415054,-0.1797097400016079,-0.05574346633587822,-0.06312115485501907,0.23109440125949793,-7.98550186041693e-05,0.00011346386767363529,0.009822005433554595
13.497880510440835,-0.17912516792194555,-0.046516863010795134,0.00951726566742117,0.3853230059699784,0.0007650214325175692,0.0003950484760351643,0.009759158035990123
13.531208610466615,-0.17594097457332886,-0.034250689668654,0.1135976550311924,0.4722978692410449,0.0017350677146067421,0.0006666192895800985,0.00953233347413134
13.564536710492394,-0.1708088768132755,-0.01949972703591506,0.2044223475499431,0.48754781474066494,0.002472545233502935,0.0008436082749301694,0.009152881628878283
13.597864810518175,-0.16443063398175078,-0.003385376721568552,0.2523456482640019,0.44216636336299686,0.002765610522167965,0.0008840453103053542,0.008579694850231979
13.631192910543954,-0.15755774706897635,0.012573569555948873,0.24389161393029152,0.3779058271496625,0.00258370021660885,0.0008052611801407652,0.007856352837943587
13.664521010569734,-0.1509923872793415,0.024888687198625414,0.18284117864972432,0.34296629684384533,0.0020426314693787902,0.0006618851146639569,0.007120134755164718
13.697849110595513,-0.14558730296184053,0.03468620229567907,0.0914171988281425,0.2921137482465661,0.001235590692291753,0.0004491441419401506,0.006506398101519397
13.731177210621293,-0.1422439828555767,0.04249221440120003,0.011363476488842061,0.23434047415713116,0.0005054429228320674,0.0002500767355355035,0.006172275446432861
13.764505310647074,-0.1419143622785689,0.04869203770067767,0.005023981773178338,0.13401006796729784,0.0002772291272272261,0.00014037909462284395,0.0061612482491235
13.797833410672853,-0.14207392147141001,0.051350935110037285,0.026737448680119652,0.00034143114170851613,0.00021003799249989596,4.776966898699942e-05,0.006185689360151334
13.831161510698633,-0.1405893817042106,0.0490957111109893,0.043933329627101586,-0.1324008312559763,0.00010906433514021058,-5.188418738949146e-05,0.0060485764833649895
13.864489610724412,-0.13909183830676652,0.04305122575553197,0.04410103032248969,-0.22854108498029932,-6.088360250958993e-05,-0.00014578697456315133,0.005895453408772389
13.897817710750193,-0.13839178050172052,0.034626071413484755,0.020265093446357074,-0.2848055628197231,-0.00034845117082190084,-0.00024330017991836586,0.005808608576068667
13.931145810775973,-0.13893862551183334,0.024807452707987298,-0.02621999046514145,-0.3135404554802198,-0.0007646173206466221,-0.000354343519090603,0.0058479843414230735
13.964473910801752,-0.14100039950063029,0.014520698626317982,-0.08597125857428523,-0.3292791349174873,-0.0012614942972664109,-0.00047655983877300015,0.00605862932897124
13.997802010827533,-0.14466466748261572,0.003679731891052247,-0.1455868045188881,-0.3125206756791418,-0.0016991412914319562,-0.000566878620639534,0.006435345565533451
14.031130110853312,-0.14983753190019902,-0.006645215726052976,-0.19170917980289465,-0.27032379340834045,-0.001985333859831081,-0.000608208233960317,0.006949779686777373
14.064458210879092,-0.15663159741586735,-0.014917908221741268,-0.2231063117382941,-0.22562337262981094,-0.0021513680248774723,-0.000620621697351464,0.0076172509473910795
14.097786310904873,-0.16413997685273435,-0.02154683577208135,-0.22317797158078156,-0.18946181678920643,-0.002087168915798129,-0.0005852259127427441,0.008326454760837279
14.131114410930651,-0.17144985240540353,-0.02692678832185373,-0.19786299563970505,-0.14509626135513898,-0.0018094160346506186,-0.0004963053356203609,0.008998244254784016
14.164442510956432,-0.17741868852990705,-0.031215244754913364,-0.17154374892652208,-0.09163055880045051,-0.0015075712398819028,-0.0003966970104396617,0.00956489704476053
14.19777061098221,-0.18256855837214708,-0.03355311718404115,-0.1356339877869082,-0.04911227205816145,-0.0011502115148895736,-0.0002906607214937687,0.010062134864056868
14.231098711007991,-0.1863353560544156,-0.03451877475923179,-0.08854638880685883,-0.009284739334247805,-0.0007101686106898068,-0.0001673416542536599,0.010425251118770804
14.26442681103377,-0.18834654547909424,-0.034201895199554425,-0.030280951986374843,0.027852039371290174,-0.00018743415298989085,-2.6770728132962422e-05,0.010617124718033753
14.29775491105955,-0.18822959054856506,-0.03269215622407823,0.03916232267454377,0.06229806405845259,0.00041801856817637697,0.0001310563944138516,0.010606946530578228
14.331083011085331,-0.18561195516521012,-0.0300792355518724,0.11978343517589707,0.09405333472723933,0.001106231683224027,0.0003061957681737703,0.010374300589940717
